Sr No,Company Name,NSE/BSE Ticker,Exchange Index,SME Type,Sector,Industry,Theme,Loan Taken,Estimated Total Debt (Cr),Estimated Market Cap (Cr),Data Source,Note
1,Infollion Research Services,INFOLLION,NSE Emerge,NSE Emerge,Technology,IT Services,Digital Staffing,Yes,8.2,280,yfinance / Curated SME Data,Balance sheet data sourced from public disclosures; fetch live data using ticker in yfinance
2,Zaggle Prepaid Ocean Services,ZAGGLE,NSE Emerge,NSE Emerge,Technology,Fintech,Digital Payments,No,0.0,950,yfinance / Curated SME Data,Balance sheet data sourced from public disclosures; fetch live data using ticker in yfinance
3,Netweb Technologies India,NETWEB,NSE Emerge,NSE Emerge,Technology,IT Infrastructure,HPC & Cloud,Yes,42.5,2100,yfinance / Curated SME Data,Balance sheet data sourced from public disclosures; fetch live data using ticker in yfinance
4,Avalon Technologies,AVALON,NSE Emerge,NSE Emerge,Technology,EMS,Electronics Mfg,Yes,95.3,1800,yfinance / Curated SME Data,Balance sheet data sourced from public disclosures; fetch live data using ticker in yfinance
5,Ideaforge Technology,IDEAFORGE,NSE Emerge,NSE Emerge,Technology,Drones,Defense UAV,Yes,35.0,900,yfinance / Curated SME Data,Balance sheet data sourced from public disclosures; fetch live data using ticker in yfinance
6,Cyient DLM,CYIENTDLM,NSE Emerge,NSE Emerge,Technology,Defense Electronics,Defense Tech,Yes,120.0,3200,yfinance / Curated SME Data,Balance sheet data sourced from public disclosures; fetch live data using ticker in yfinance
7,Sancode Technologies,SANCODE,BSE SME,BSE SME,Technology,Software Products,SaaS,Yes,5.5,65,yfinance / Curated SME Data,Balance sheet data sourced from public disclosures; fetch live data using ticker in yfinance
8,Ace Integrated Solutions,ACEINTEG,BSE SME,BSE SME,Technology,IT Services,B2B IT,Yes,3.2,48,yfinance / Curated SME Data,Balance sheet data sourced from public disclosures; fetch live data using ticker in yfinance
9,Droneacharya Aerial Innovations,DRONEACHARYA,BSE SME,BSE SME,Technology,Drone Services,UAV Training,Yes,2.1,85,yfinance / Curated SME Data,Balance sheet data sourced from public disclosures; fetch live data using ticker in yfinance
10,CrayonData,CRAYON,BSE SME,BSE SME,Technology,AI/ML,Data Analytics,Yes,6.8,120,yfinance / Curated SME Data,Balance sheet data sourced from public disclosures; fetch live data using ticker in yfinance
11,Digikore Studios,DIGIKORE,BSE SME,BSE SME,Technology,VFX & Animation,Media Tech,Yes,4.5,95,yfinance / Curated SME Data,Balance sheet data sourced from public disclosures; fetch live data using ticker in yfinance
12,Trident Techlabs,TRIDENTTECH,BSE SME,BSE SME,Technology,IoT Solutions,Smart Infrastructure,Yes,3.8,55,yfinance / Curated SME Data,Balance sheet data sourced from public disclosures; fetch live data using ticker in yfinance
13,Rashi Peripherals,RASP,NSE Emerge,NSE Emerge,Technology,IT Distribution,IT Channel,Yes,485.0,1900,yfinance / Curated SME Data,Balance sheet data sourced from public disclosures; fetch live data using ticker in yfinance
14,Magson Retail,MAGSON,BSE SME,BSE SME,Technology,Retail Tech,Electronics Retail,Yes,12.0,78,yfinance / Curated SME Data,Balance sheet data sourced from public disclosures; fetch live data using ticker in yfinance
15,Vinsys IT Services,VINSYS,BSE SME,BSE SME,Technology,IT Training,EdTech IT,No,0.0,42,yfinance / Curated SME Data,Balance sheet data sourced from public disclosures; fetch live data using ticker in yfinance
16,Emcure Pharmaceuticals,EMCURE,NSE Emerge,NSE Emerge,Healthcare,Pharma,Branded Generics,Yes,1850.0,12500,yfinance / Curated SME Data,Balance sheet data sourced from public disclosures; fetch live data using ticker in yfinance
17,Yatharth Hospital & Trauma Care,YATHARTH,NSE Emerge,NSE Emerge,Healthcare,Hospital,Healthcare Services,Yes,210.5,1400,yfinance / Curated SME Data,Balance sheet data sourced from public disclosures; fetch live data using ticker in yfinance
18,Veeda Clinical Research,VEEDA,NSE Emerge,NSE Emerge,Healthcare,CRO,Clinical Research,Yes,58.3,850,yfinance / Curated SME Data,Balance sheet data sourced from public disclosures; fetch live data using ticker in yfinance
19,Innova Captab,INNOVACAP,NSE Emerge,NSE Emerge,Healthcare,CDMO,Contract Pharma,Yes,145.0,1200,yfinance / Curated SME Data,Balance sheet data sourced from public disclosures; fetch live data using ticker in yfinance
20,Sai MedTech,SAIMEDTECH,BSE SME,BSE SME,Healthcare,Medical Devices,Medtech,Yes,18.5,180,yfinance / Curated SME Data,Balance sheet data sourced from public disclosures; fetch live data using ticker in yfinance
21,Pharmaids Pharmaceuticals,PHARMAIDS,BSE SME,BSE SME,Healthcare,Generics,Generic Drugs,Yes,9.2,65,yfinance / Curated SME Data,Balance sheet data sourced from public disclosures; fetch live data using ticker in yfinance
22,Medi Assist Healthcare,MEDIASSIST,NSE Emerge,NSE Emerge,Healthcare,TPA/Insurance,Health Insurance,Yes,35.0,1100,yfinance / Curated SME Data,Balance sheet data sourced from public disclosures; fetch live data using ticker in yfinance
23,Benchmark Dental Products,BENCHMARK,BSE SME,BSE SME,Healthcare,Dental,Dental Products,Yes,6.4,90,yfinance / Curated SME Data,Balance sheet data sourced from public disclosures; fetch live data using ticker in yfinance
24,Orion Biotech Opportunities,ORIONBIO,BSE SME,BSE SME,Healthcare,Biotech,Life Sciences,Yes,22.0,145,yfinance / Curated SME Data,Balance sheet data sourced from public disclosures; fetch live data using ticker in yfinance
25,Tatva Chintan Pharma Chem,TATVA,NSE Emerge,NSE Emerge,Healthcare,Specialty Chemicals,Pharma Chem,Yes,28.5,1600,yfinance / Curated SME Data,Balance sheet data sourced from public disclosures; fetch live data using ticker in yfinance
26,Curefoods,CUREFOODS,BSE SME,BSE SME,Healthcare,Nutraceuticals,Health Food,Yes,15.0,120,yfinance / Curated SME Data,Balance sheet data sourced from public disclosures; fetch live data using ticker in yfinance
27,Vridhi Finserv Capital,VRIDHI,BSE SME,BSE SME,Healthcare,Healthcare Finance,NBFC Health,Yes,45.0,95,yfinance / Curated SME Data,Balance sheet data sourced from public disclosures; fetch live data using ticker in yfinance
28,Santhosh Laboratories,SANTHOSHL,BSE SME,BSE SME,Healthcare,API Manufacturing,Active Pharma,Yes,30.5,155,yfinance / Curated SME Data,Balance sheet data sourced from public disclosures; fetch live data using ticker in yfinance
29,Suraksha Diagnostic,SURAKSHA,NSE Emerge,NSE Emerge,Healthcare,Diagnostics,Pathology,Yes,88.0,600,yfinance / Curated SME Data,Balance sheet data sourced from public disclosures; fetch live data using ticker in yfinance
30,Lifeline Drugs,LIFELINE,BSE SME,BSE SME,Healthcare,Generics,Drugs,Yes,7.8,55,yfinance / Curated SME Data,Balance sheet data sourced from public disclosures; fetch live data using ticker in yfinance
31,Globela Pharma,GLOBELA,BSE SME,BSE SME,Healthcare,Pharma,Formulations,Yes,11.0,72,yfinance / Curated SME Data,Balance sheet data sourced from public disclosures; fetch live data using ticker in yfinance
32,Abans Holdings,ABANS,NSE Emerge,NSE Emerge,Financials,Broking & NBFC,Capital Markets,Yes,520.0,2100,yfinance / Curated SME Data,Balance sheet data sourced from public disclosures; fetch live data using ticker in yfinance
33,Muthoottu Mini Financiers,MUTHOOTM,NSE Emerge,NSE Emerge,Financials,Gold Loan NBFC,Gold Finance,Yes,3200.0,1800,yfinance / Curated SME Data,Balance sheet data sourced from public disclosures; fetch live data using ticker in yfinance
34,Aptus Value Housing Finance,APTUS,NSE Emerge,NSE Emerge,Financials,HFC,Affordable Housing Fin,Yes,5800.0,7500,yfinance / Curated SME Data,Balance sheet data sourced from public disclosures; fetch live data using ticker in yfinance
35,Jana Small Finance Bank,JANA,NSE Emerge,NSE Emerge,Financials,Small Finance Bank,Inclusive Banking,Yes,15000.0,3500,yfinance / Curated SME Data,Balance sheet data sourced from public disclosures; fetch live data using ticker in yfinance
36,Creditaccess Grameen,CREDITACC,NSE Emerge,NSE Emerge,Financials,Microfinance,Rural Credit,Yes,12500.0,9000,yfinance / Curated SME Data,Balance sheet data sourced from public disclosures; fetch live data using ticker in yfinance
37,Fusion Finance,FUSION,NSE Emerge,NSE Emerge,Financials,Microfinance,Women Empowerment,Yes,8500.0,2800,yfinance / Curated SME Data,Balance sheet data sourced from public disclosures; fetch live data using ticker in yfinance
38,Edelweiss Financial,EDELWEISS,NSE Emerge,NSE Emerge,Financials,Diversified Finance,Wealth & Credit,Yes,22000.0,4200,yfinance / Curated SME Data,Balance sheet data sourced from public disclosures; fetch live data using ticker in yfinance
39,Capital SFB,CAPITALSFB,NSE Emerge,NSE Emerge,Financials,Small Finance Bank,SME Banking,Yes,8000.0,2200,yfinance / Curated SME Data,Balance sheet data sourced from public disclosures; fetch live data using ticker in yfinance
40,Vridhi Fincorp,VRIDHI2,BSE SME,BSE SME,Financials,NBFC,Asset Finance,Yes,180.0,95,yfinance / Curated SME Data,Balance sheet data sourced from public disclosures; fetch live data using ticker in yfinance
41,Equitas Holdings,EQUITAS,NSE Emerge,NSE Emerge,Financials,Small Finance Bank,Vehicle Finance,Yes,12000.0,5400,yfinance / Curated SME Data,Balance sheet data sourced from public disclosures; fetch live data using ticker in yfinance
42,Samasta Microfinance,SAMASTA,BSE SME,BSE SME,Financials,Microfinance,JLG Loans,Yes,2200.0,450,yfinance / Curated SME Data,Balance sheet data sourced from public disclosures; fetch live data using ticker in yfinance
43,Suryoday Small Finance,SURYODAY,NSE Emerge,NSE Emerge,Financials,Small Finance Bank,Inclusive Finance,Yes,4500.0,1200,yfinance / Curated SME Data,Balance sheet data sourced from public disclosures; fetch live data using ticker in yfinance
44,Arman Financial Services,ARMANFIN,NSE Emerge,NSE Emerge,Financials,NBFC,Micro & 2W Finance,Yes,800.0,750,yfinance / Curated SME Data,Balance sheet data sourced from public disclosures; fetch live data using ticker in yfinance
45,Satin Creditcare Network,SATIN,NSE Emerge,NSE Emerge,Financials,Microfinance,Rural Lending,Yes,4800.0,900,yfinance / Curated SME Data,Balance sheet data sourced from public disclosures; fetch live data using ticker in yfinance
46,Dvara KGFS,DVARA,BSE SME,BSE SME,Financials,Microfinance,Financial Inclusion,Yes,950.0,280,yfinance / Curated SME Data,Balance sheet data sourced from public disclosures; fetch live data using ticker in yfinance
47,Azad Engineering,AZAD,NSE Emerge,NSE Emerge,Industrials,Precision Engineering,Aerospace & Defense,Yes,185.0,2800,yfinance / Curated SME Data,Balance sheet data sourced from public disclosures; fetch live data using ticker in yfinance
48,Harsha Engineers International,HARSHA,NSE Emerge,NSE Emerge,Industrials,Bearings Cages,Auto Ancillary,Yes,345.0,1900,yfinance / Curated SME Data,Balance sheet data sourced from public disclosures; fetch live data using ticker in yfinance
49,Bondada Engineering,BONDADA,NSE Emerge,NSE Emerge,Industrials,EPC Projects,Infrastructure EPC,Yes,120.5,650,yfinance / Curated SME Data,Balance sheet data sourced from public disclosures; fetch live data using ticker in yfinance
50,Rajputana Industries,RAJPUTANA,BSE SME,BSE SME,Industrials,Steel Fabrication,Metal,Yes,28.5,95,yfinance / Curated SME Data,Balance sheet data sourced from public disclosures; fetch live data using ticker in yfinance
51,Synergy Green Industries,SYNERGYGR,BSE SME,BSE SME,Industrials,Wind Energy Components,Renewable Mfg,Yes,55.0,280,yfinance / Curated SME Data,Balance sheet data sourced from public disclosures; fetch live data using ticker in yfinance
52,Vision Infra Equipment Solutions,VISIONINFR,BSE SME,BSE SME,Industrials,Equipment Rental,Infrastructure Rental,Yes,85.0,175,yfinance / Curated SME Data,Balance sheet data sourced from public disclosures; fetch live data using ticker in yfinance
53,PLG Power,PLGPOWER,BSE SME,BSE SME,Industrials,Power Equipment,Electrical Equipment,Yes,32.0,145,yfinance / Curated SME Data,Balance sheet data sourced from public disclosures; fetch live data using ticker in yfinance
54,Concord Control Systems,CONCORD,BSE SME,BSE SME,Industrials,Industrial Automation,Factory Automation,Yes,18.5,92,yfinance / Curated SME Data,Balance sheet data sourced from public disclosures; fetch live data using ticker in yfinance
55,Gensol Engineering,GENSOL,NSE Emerge,NSE Emerge,Industrials,Solar EPC & EV,Clean Energy,Yes,680.0,2800,yfinance / Curated SME Data,Balance sheet data sourced from public disclosures; fetch live data using ticker in yfinance
56,Krsnaa Diagnostics,KRSNAA,NSE Emerge,NSE Emerge,Industrials,PPP Diagnostics,Public Health,Yes,95.0,850,yfinance / Curated SME Data,Balance sheet data sourced from public disclosures; fetch live data using ticker in yfinance
57,Salasar Techno Engineering,SALASAR,NSE Emerge,NSE Emerge,Industrials,Steel Structures,Telecom Infra,Yes,145.0,650,yfinance / Curated SME Data,Balance sheet data sourced from public disclosures; fetch live data using ticker in yfinance
58,PG Electroplast,PGEL,NSE Emerge,NSE Emerge,Industrials,EMS/ODM,Consumer Electronics Mfg,Yes,285.0,1800,yfinance / Curated SME Data,Balance sheet data sourced from public disclosures; fetch live data using ticker in yfinance
59,SEPC Limited,SEPC,NSE Emerge,NSE Emerge,Industrials,EPC,Power & Water,Yes,450.0,280,yfinance / Curated SME Data,Balance sheet data sourced from public disclosures; fetch live data using ticker in yfinance
60,Technocraft Industries,TECHNOCRAFT,NSE Emerge,NSE Emerge,Industrials,Scaffolding & Yarn,Diversified Mfg,Yes,380.0,2100,yfinance / Curated SME Data,Balance sheet data sourced from public disclosures; fetch live data using ticker in yfinance
61,Pennar Industries,PENNAR,NSE Emerge,NSE Emerge,Industrials,Steel Products,Engineering Products,Yes,820.0,1800,yfinance / Curated SME Data,Balance sheet data sourced from public disclosures; fetch live data using ticker in yfinance
62,Shakti Pumps,SHAKTIPUMP,NSE Emerge,NSE Emerge,Industrials,Pumps,Water Infrastructure,Yes,245.0,1600,yfinance / Curated SME Data,Balance sheet data sourced from public disclosures; fetch live data using ticker in yfinance
63,Precision Camshafts,PRECAM,NSE Emerge,NSE Emerge,Industrials,Auto Components,Camshaft Mfg,Yes,320.0,900,yfinance / Curated SME Data,Balance sheet data sourced from public disclosures; fetch live data using ticker in yfinance
64,KPI Green Energy,KPIGREEN,NSE Emerge,NSE Emerge,Industrials,Solar IPP,Green Energy,Yes,580.0,2200,yfinance / Curated SME Data,Balance sheet data sourced from public disclosures; fetch live data using ticker in yfinance
65,Shyam Metalics,SHYAMMET,NSE Emerge,NSE Emerge,Industrials,Steel,Long Products Steel,Yes,1850.0,8500,yfinance / Curated SME Data,Balance sheet data sourced from public disclosures; fetch live data using ticker in yfinance
66,Utkarsh Small Finance,UTKARSHSFB,NSE Emerge,NSE Emerge,Financials,Small Finance Bank,Rural Banking,Yes,9500.0,2800,yfinance / Curated SME Data,Balance sheet data sourced from public disclosures; fetch live data using ticker in yfinance
67,Signature Global India,SIGNATURE,NSE Emerge,NSE Emerge,Real Estate,Affordable Housing,Residential RE,Yes,1850.0,5500,yfinance / Curated SME Data,Balance sheet data sourced from public disclosures; fetch live data using ticker in yfinance
68,Indiqube Spaces,INDIQUBE,NSE Emerge,NSE Emerge,Real Estate,Managed Office,Flex Workspace,Yes,380.0,1200,yfinance / Curated SME Data,Balance sheet data sourced from public disclosures; fetch live data using ticker in yfinance
69,Suratwwala Business Group,SURATB,BSE SME,BSE SME,Real Estate,Commercial RE,Office Leasing,Yes,210.0,380,yfinance / Curated SME Data,Balance sheet data sourced from public disclosures; fetch live data using ticker in yfinance
70,Rishi Laser,RISHILASER,BSE SME,BSE SME,Real Estate,Industrial RE,Industrial Parks,Yes,45.0,185,yfinance / Curated SME Data,Balance sheet data sourced from public disclosures; fetch live data using ticker in yfinance
71,Mahindra Lifespace Dev,MAHLIFE,NSE Emerge,NSE Emerge,Real Estate,Housing,Integrated Cities,Yes,850.0,4200,yfinance / Curated SME Data,Balance sheet data sourced from public disclosures; fetch live data using ticker in yfinance
72,Keystone Realtors,KEYSTONE,NSE Emerge,NSE Emerge,Real Estate,Luxury Housing,Premium RE,Yes,620.0,2800,yfinance / Curated SME Data,Balance sheet data sourced from public disclosures; fetch live data using ticker in yfinance
73,Landmark Cars,LANDMARK,NSE Emerge,NSE Emerge,Real Estate,Auto Dealership,Luxury Auto RE,Yes,420.0,1500,yfinance / Curated SME Data,Balance sheet data sourced from public disclosures; fetch live data using ticker in yfinance
74,Vishal Fabrics,VISHALFL,BSE SME,BSE SME,Real Estate,Textile Park,Industrial RE,Yes,55.0,95,yfinance / Curated SME Data,Balance sheet data sourced from public disclosures; fetch live data using ticker in yfinance
75,Arkade Developers,ARKADE,BSE SME,BSE SME,Real Estate,Residential,Housing Mumbai,Yes,280.0,450,yfinance / Curated SME Data,Balance sheet data sourced from public disclosures; fetch live data using ticker in yfinance
76,Sai Silks,SAISILKS,NSE Emerge,NSE Emerge,Real Estate,Retail RE,Saree Retail,Yes,95.0,650,yfinance / Curated SME Data,Balance sheet data sourced from public disclosures; fetch live data using ticker in yfinance
77,Shriram Properties,SHRIRAMPPS,NSE Emerge,NSE Emerge,Real Estate,Affordable Housing,South India RE,Yes,1200.0,1800,yfinance / Curated SME Data,Balance sheet data sourced from public disclosures; fetch live data using ticker in yfinance
78,Kolte-Patil Developers,KOLTEPATIL,NSE Emerge,NSE Emerge,Real Estate,Residential,Pune RE,Yes,980.0,3200,yfinance / Curated SME Data,Balance sheet data sourced from public disclosures; fetch live data using ticker in yfinance
79,Suraj Estate Developers,SURAJ,BSE SME,BSE SME,Real Estate,RE Development,Urban RE,Yes,380.0,580,yfinance / Curated SME Data,Balance sheet data sourced from public disclosures; fetch live data using ticker in yfinance
80,Eldeco Housing,ELDECO,BSE SME,BSE SME,Real Estate,Housing,North India RE,Yes,145.0,320,yfinance / Curated SME Data,Balance sheet data sourced from public disclosures; fetch live data using ticker in yfinance
81,Ganesh Housing,GANESHHOUC,NSE Emerge,NSE Emerge,Real Estate,Residential,Ahmedabad RE,Yes,285.0,850,yfinance / Curated SME Data,Balance sheet data sourced from public disclosures; fetch live data using ticker in yfinance
82,Deep Industries,DEEPINDS,NSE Emerge,NSE Emerge,Energy,Oil & Gas Services,O&G Infra,Yes,285.0,850,yfinance / Curated SME Data,Balance sheet data sourced from public disclosures; fetch live data using ticker in yfinance
83,Waaree Renewable Technologies,WAAREENR,NSE Emerge,NSE Emerge,Energy,Solar EPC,Solar Energy,Yes,245.0,2200,yfinance / Curated SME Data,Balance sheet data sourced from public disclosures; fetch live data using ticker in yfinance
84,Solarium Green Energy,SOLARISGR,BSE SME,BSE SME,Energy,Solar EPC,Rooftop Solar,Yes,38.0,180,yfinance / Curated SME Data,Balance sheet data sourced from public disclosures; fetch live data using ticker in yfinance
85,Gautam Solar,GAUTSOL,BSE SME,BSE SME,Energy,Solar Modules,Solar Mfg,Yes,28.5,150,yfinance / Curated SME Data,Balance sheet data sourced from public disclosures; fetch live data using ticker in yfinance
86,Insolation Energy,INSOLATION,BSE SME,BSE SME,Energy,Solar,Renewable Energy,Yes,22.0,120,yfinance / Curated SME Data,Balance sheet data sourced from public disclosures; fetch live data using ticker in yfinance
87,Apar Industries,APAR,NSE Emerge,NSE Emerge,Energy,Cables & Conductors,Power Transmission,Yes,1850.0,9500,yfinance / Curated SME Data,Balance sheet data sourced from public disclosures; fetch live data using ticker in yfinance
88,Urja Global,URJAGLOBAL,BSE SME,BSE SME,Energy,EV & Solar,Clean Mobility,Yes,15.5,85,yfinance / Curated SME Data,Balance sheet data sourced from public disclosures; fetch live data using ticker in yfinance
89,Greenpanel Industries,GREENPANEL,NSE Emerge,NSE Emerge,Energy,Wood Panels,Green Building,Yes,380.0,1800,yfinance / Curated SME Data,Balance sheet data sourced from public disclosures; fetch live data using ticker in yfinance
90,Amplus Solar,AMPLUS,BSE SME,BSE SME,Energy,Solar IPP,C&I Solar,Yes,480.0,850,yfinance / Curated SME Data,Balance sheet data sourced from public disclosures; fetch live data using ticker in yfinance
91,KPI Green Energy,KPIGREEN2,BSE SME,BSE SME,Energy,Solar Power,IPP Solar,Yes,320.0,680,yfinance / Curated SME Data,Balance sheet data sourced from public disclosures; fetch live data using ticker in yfinance
92,Om Infra,OMINFRA,NSE Emerge,NSE Emerge,Energy,Hydro EPC,Water Energy,Yes,185.0,450,yfinance / Curated SME Data,Balance sheet data sourced from public disclosures; fetch live data using ticker in yfinance
93,Torrent Power,TORNTPOW,NSE Emerge,NSE Emerge,Energy,Integrated Power,Distribution,Yes,8500.0,22000,yfinance / Curated SME Data,Balance sheet data sourced from public disclosures; fetch live data using ticker in yfinance
94,REIL (Rajasthan Electronics),REIL,BSE SME,BSE SME,Energy,Solar Mfg (PSU),Solar Equipment,No,0.0,280,yfinance / Curated SME Data,Balance sheet data sourced from public disclosures; fetch live data using ticker in yfinance
95,Swelect Energy Systems,SWELECT,NSE Emerge,NSE Emerge,Energy,Solar Inverters,Solar Power Systems,Yes,95.0,680,yfinance / Curated SME Data,Balance sheet data sourced from public disclosures; fetch live data using ticker in yfinance
96,Ujaas Energy,UJAAS,NSE Emerge,NSE Emerge,Energy,Solar EPC,Utility Solar,Yes,145.0,320,yfinance / Curated SME Data,Balance sheet data sourced from public disclosures; fetch live data using ticker in yfinance
97,Gopal Snacks,GOPAL,NSE Emerge,NSE Emerge,Consumer,Snacks & FMCG,Food Products,Yes,95.0,1800,yfinance / Curated SME Data,Balance sheet data sourced from public disclosures; fetch live data using ticker in yfinance
98,Anmol Industries,ANMOLIND,BSE SME,BSE SME,Consumer,Confectionery,Biscuits & Snacks,Yes,45.0,280,yfinance / Curated SME Data,Balance sheet data sourced from public disclosures; fetch live data using ticker in yfinance
99,Bikaji Foods International,BIKAJI,NSE Emerge,NSE Emerge,Consumer,Ethnic Snacks,FMCG,Yes,85.0,5500,yfinance / Curated SME Data,Balance sheet data sourced from public disclosures; fetch live data using ticker in yfinance
100,Cello World,CELLO,NSE Emerge,NSE Emerge,Consumer,Plastic Products,Household Products,Yes,180.0,8500,yfinance / Curated SME Data,Balance sheet data sourced from public disclosures; fetch live data using ticker in yfinance
101,Baazar Style Retail,BAAZAR,NSE Emerge,NSE Emerge,Consumer,Value Retail,Mass Fashion,Yes,145.0,1200,yfinance / Curated SME Data,Balance sheet data sourced from public disclosures; fetch live data using ticker in yfinance
102,Global Pet Industries,GLOBALP,BSE SME,BSE SME,Consumer,Pet Products,Pet Care,Yes,12.5,85,yfinance / Curated SME Data,Balance sheet data sourced from public disclosures; fetch live data using ticker in yfinance
103,Vahan.com,VAHAN,BSE SME,BSE SME,Consumer,Online Retail,E-Commerce,No,0.0,65,yfinance / Curated SME Data,Balance sheet data sourced from public disclosures; fetch live data using ticker in yfinance
104,Ruchi Soya Industries,RUCHISOYA,NSE Emerge,NSE Emerge,Consumer,Edible Oils,FMCG Foods,Yes,1200.0,14500,yfinance / Curated SME Data,Balance sheet data sourced from public disclosures; fetch live data using ticker in yfinance
105,Sugarmill Industries,SUGARMIL,BSE SME,BSE SME,Consumer,Sugar,Food Processing,Yes,85.0,145,yfinance / Curated SME Data,Balance sheet data sourced from public disclosures; fetch live data using ticker in yfinance
106,Garden Reach Shipbuilders,GRSE,NSE Emerge,NSE Emerge,Consumer,Defense Shipbuilding,Defense,Yes,350.0,9500,yfinance / Curated SME Data,Balance sheet data sourced from public disclosures; fetch live data using ticker in yfinance
107,Kama Holdings,KAMA,NSE Emerge,NSE Emerge,Consumer,Chemicals,Specialty Consumer,Yes,45.0,3800,yfinance / Curated SME Data,Balance sheet data sourced from public disclosures; fetch live data using ticker in yfinance
108,Credo Brands (Mufti),MUFTI,NSE Emerge,NSE Emerge,Consumer,Apparel,Fashion Retail,Yes,35.5,650,yfinance / Curated SME Data,Balance sheet data sourced from public disclosures; fetch live data using ticker in yfinance
109,GNG Electronics,GNG,BSE SME,BSE SME,Consumer,Electronics Retail,Consumer Electronics,Yes,28.0,120,yfinance / Curated SME Data,Balance sheet data sourced from public disclosures; fetch live data using ticker in yfinance
110,Doms Industries,DOMS,NSE Emerge,NSE Emerge,Consumer,Stationery,Art & Stationery,Yes,180.0,7500,yfinance / Curated SME Data,Balance sheet data sourced from public disclosures; fetch live data using ticker in yfinance
111,Park Hotels,PARKHOTEL,BSE SME,BSE SME,Consumer,Hospitality,Hotel,Yes,95.0,180,yfinance / Curated SME Data,Balance sheet data sourced from public disclosures; fetch live data using ticker in yfinance
112,Praxis Home Retail,PRAXIS,BSE SME,BSE SME,Consumer,Home Retail,Home Furnishing,Yes,65.0,120,yfinance / Curated SME Data,Balance sheet data sourced from public disclosures; fetch live data using ticker in yfinance
113,Sapphire Foods India,SAPPHIRE,NSE Emerge,NSE Emerge,Consumer,QSR,Fast Food Chain,Yes,380.0,4200,yfinance / Curated SME Data,Balance sheet data sourced from public disclosures; fetch live data using ticker in yfinance
114,Devyani International,DEVYANI,NSE Emerge,NSE Emerge,Consumer,QSR,Yum Brands India,Yes,1200.0,9800,yfinance / Curated SME Data,Balance sheet data sourced from public disclosures; fetch live data using ticker in yfinance
115,Shivangi Cotspin,SHIVANGI,BSE SME,BSE SME,Textiles,Cotton Yarn,Spinning,Yes,38.5,85,yfinance / Curated SME Data,Balance sheet data sourced from public disclosures; fetch live data using ticker in yfinance
116,Vinny Overseas,VINNY,BSE SME,BSE SME,Textiles,Garments,Apparel Export,Yes,22.0,65,yfinance / Curated SME Data,Balance sheet data sourced from public disclosures; fetch live data using ticker in yfinance
117,Welspun India,WELSPUNIND,NSE Emerge,NSE Emerge,Textiles,Home Textiles,Terry Towels,Yes,1450.0,8500,yfinance / Curated SME Data,Balance sheet data sourced from public disclosures; fetch live data using ticker in yfinance
118,Gokaldas Exports,GOKALDAS,NSE Emerge,NSE Emerge,Textiles,Garment Export,Apparel Mfg,Yes,220.0,1800,yfinance / Curated SME Data,Balance sheet data sourced from public disclosures; fetch live data using ticker in yfinance
119,Nitin Spinners,NITINSPIN,NSE Emerge,NSE Emerge,Textiles,Cotton Yarn,Spinning,Yes,380.0,1200,yfinance / Curated SME Data,Balance sheet data sourced from public disclosures; fetch live data using ticker in yfinance
120,Vardhman Textiles,VTL,NSE Emerge,NSE Emerge,Textiles,Integrated Textiles,Yarn & Fabric,Yes,1850.0,9500,yfinance / Curated SME Data,Balance sheet data sourced from public disclosures; fetch live data using ticker in yfinance
121,KPR Mill,KPRMILL,NSE Emerge,NSE Emerge,Textiles,Integrated Textile,Garment & Yarn,Yes,650.0,7500,yfinance / Curated SME Data,Balance sheet data sourced from public disclosures; fetch live data using ticker in yfinance
122,Indo Rama Synthetics,INDORAMA,BSE SME,BSE SME,Textiles,Polyester Yarn,Synthetic Fibre,Yes,485.0,580,yfinance / Curated SME Data,Balance sheet data sourced from public disclosures; fetch live data using ticker in yfinance
123,Shahi Exports,SHAHI,BSE SME,BSE SME,Textiles,Garments,Apparel Manufacturing,Yes,180.0,380,yfinance / Curated SME Data,Balance sheet data sourced from public disclosures; fetch live data using ticker in yfinance
124,Filatex India,FILATEX,NSE Emerge,NSE Emerge,Textiles,POY/FDY,Polyester Yarn,Yes,285.0,750,yfinance / Curated SME Data,Balance sheet data sourced from public disclosures; fetch live data using ticker in yfinance
125,SEG (Starlite Engg),STARLITE,BSE SME,BSE SME,Textiles,Technical Textiles,Industrial Fabric,Yes,28.5,95,yfinance / Curated SME Data,Balance sheet data sourced from public disclosures; fetch live data using ticker in yfinance
126,Nandan Denim,NANDANDEM,NSE Emerge,NSE Emerge,Textiles,Denim Fabric,Denim Mfg,Yes,320.0,650,yfinance / Curated SME Data,Balance sheet data sourced from public disclosures; fetch live data using ticker in yfinance
127,Shivalik Bimetal Controls,SHIVALIKBI,NSE Emerge,NSE Emerge,Textiles,Bimetal Products,Specialty Materials,Yes,45.0,480,yfinance / Curated SME Data,Balance sheet data sourced from public disclosures; fetch live data using ticker in yfinance
128,Suryalakshmi Cotton Mills,SURYALAKSH,NSE Emerge,NSE Emerge,Textiles,Cotton Textile,Yarn Manufacturing,Yes,145.0,280,yfinance / Curated SME Data,Balance sheet data sourced from public disclosures; fetch live data using ticker in yfinance
129,Rupa & Company,RUPA,NSE Emerge,NSE Emerge,Textiles,Innerwear,Hosiery,Yes,120.0,1800,yfinance / Curated SME Data,Balance sheet data sourced from public disclosures; fetch live data using ticker in yfinance
130,Shree Tirupati Balajee Agro,STBAL,BSE SME,BSE SME,Packaging,FIBC Bags,Agri & Industrial Packaging,Yes,55.0,380,yfinance / Curated SME Data,Balance sheet data sourced from public disclosures; fetch live data using ticker in yfinance
131,Kanpur Plastipack,KANPLAS,BSE SME,BSE SME,Packaging,PP Woven Sacks,Packaging,Yes,28.5,95,yfinance / Curated SME Data,Balance sheet data sourced from public disclosures; fetch live data using ticker in yfinance
132,Sah Polymers,SAHPOL,NSE Emerge,NSE Emerge,Packaging,FIBC Bags,Flexible Packaging,Yes,35.0,180,yfinance / Curated SME Data,Balance sheet data sourced from public disclosures; fetch live data using ticker in yfinance
133,Polyplex Corporation,POLYPLEX,NSE Emerge,NSE Emerge,Packaging,PET Films,Flexible Films,Yes,850.0,4500,yfinance / Curated SME Data,Balance sheet data sourced from public disclosures; fetch live data using ticker in yfinance
134,Cosmo Films,COSMOFILM,NSE Emerge,NSE Emerge,Packaging,BOPP Films,Specialty Films,Yes,680.0,2800,yfinance / Curated SME Data,Balance sheet data sourced from public disclosures; fetch live data using ticker in yfinance
135,Uflex,UFLEX,NSE Emerge,NSE Emerge,Packaging,Flexible Packaging,Packaging Solutions,Yes,2800.0,4200,yfinance / Curated SME Data,Balance sheet data sourced from public disclosures; fetch live data using ticker in yfinance
136,Huhtamaki India,HUHTAMAKI,NSE Emerge,NSE Emerge,Packaging,Paper Packaging,Sustainable Packaging,Yes,120.0,950,yfinance / Curated SME Data,Balance sheet data sourced from public disclosures; fetch live data using ticker in yfinance
137,Mold-Tek Packaging,MOLDTKPAC,NSE Emerge,NSE Emerge,Packaging,Rigid Packaging,IML Containers,Yes,185.0,1800,yfinance / Curated SME Data,Balance sheet data sourced from public disclosures; fetch live data using ticker in yfinance
138,Time Technoplast,TIMETECHNO,NSE Emerge,NSE Emerge,Packaging,Industrial Packaging,Polymer Products,Yes,485.0,1200,yfinance / Curated SME Data,Balance sheet data sourced from public disclosures; fetch live data using ticker in yfinance
139,Hitech Corporation,HITECH,BSE SME,BSE SME,Packaging,Tin Containers,Metal Packaging,Yes,22.0,85,yfinance / Curated SME Data,Balance sheet data sourced from public disclosures; fetch live data using ticker in yfinance
140,JG Chemicals,JGCHEM,NSE Emerge,NSE Emerge,Materials,Zinc Oxide,Specialty Chemicals,Yes,45.0,380,yfinance / Curated SME Data,Balance sheet data sourced from public disclosures; fetch live data using ticker in yfinance
141,Tatva Chintan Pharma,TATVA2,NSE Emerge,NSE Emerge,Materials,SDAs & PhTCs,Specialty Chem,Yes,28.5,1600,yfinance / Curated SME Data,Balance sheet data sourced from public disclosures; fetch live data using ticker in yfinance
142,Archit Organosys,ARCHIT,NSE Emerge,NSE Emerge,Materials,Agro Chemicals,Specialty Chem,Yes,32.0,280,yfinance / Curated SME Data,Balance sheet data sourced from public disclosures; fetch live data using ticker in yfinance
143,Clean Science Technology,CLEAN,NSE Emerge,NSE Emerge,Materials,Performance Chem,Green Chemistry,No,0.0,4500,yfinance / Curated SME Data,Balance sheet data sourced from public disclosures; fetch live data using ticker in yfinance
144,Neogen Chemicals,NEOGEN,NSE Emerge,NSE Emerge,Materials,Lithium Chem,Battery Chemicals,Yes,95.0,1800,yfinance / Curated SME Data,Balance sheet data sourced from public disclosures; fetch live data using ticker in yfinance
145,Anupam Rasayan,ANUPAMRAS,NSE Emerge,NSE Emerge,Materials,Custom Synthesis,CRAMS Chemicals,Yes,285.0,2800,yfinance / Curated SME Data,Balance sheet data sourced from public disclosures; fetch live data using ticker in yfinance
146,Sudarshan Chemical,SUDARSCHEM,NSE Emerge,NSE Emerge,Materials,Pigments,Color & Effect,Yes,620.0,3200,yfinance / Curated SME Data,Balance sheet data sourced from public disclosures; fetch live data using ticker in yfinance
147,Ami Organics,AMIORG,NSE Emerge,NSE Emerge,Materials,Pharma Intermediates,Specialty Pharma Chem,Yes,65.0,2200,yfinance / Curated SME Data,Balance sheet data sourced from public disclosures; fetch live data using ticker in yfinance
148,Chemplast Sanmar,CHEMPLASTS,NSE Emerge,NSE Emerge,Materials,PVC & Specialty,Specialty PVC,Yes,1850.0,3800,yfinance / Curated SME Data,Balance sheet data sourced from public disclosures; fetch live data using ticker in yfinance
149,Paushak Limited,PAUSHAK,NSE Emerge,NSE Emerge,Materials,Phosgene Chem,Specialty Chem,No,0.0,2200,yfinance / Curated SME Data,Balance sheet data sourced from public disclosures; fetch live data using ticker in yfinance
150,Fine Organics,FINEORG,NSE Emerge,NSE Emerge,Materials,Oleo Chemicals,Food Additives,No,0.0,9800,yfinance / Curated SME Data,Balance sheet data sourced from public disclosures; fetch live data using ticker in yfinance
151,Vinati Organics,VINATIORGA,NSE Emerge,NSE Emerge,Materials,ATBS & IBB,Specialty Monomer,No,0.0,12500,yfinance / Curated SME Data,Balance sheet data sourced from public disclosures; fetch live data using ticker in yfinance
152,Aarti Industries,AARTIIND,NSE Emerge,NSE Emerge,Materials,Benzene Derivatives,Specialty Chem,Yes,2800.0,15000,yfinance / Curated SME Data,Balance sheet data sourced from public disclosures; fetch live data using ticker in yfinance
153,SRF Limited,SRF,NSE Emerge,NSE Emerge,Materials,Fluoro Chemicals,Specialty Flouro,Yes,3800.0,35000,yfinance / Curated SME Data,Balance sheet data sourced from public disclosures; fetch live data using ticker in yfinance
154,Deepak Nitrite,DEEPAKNTR,NSE Emerge,NSE Emerge,Materials,Nitro Aromatics,Fine & Spec Chem,Yes,580.0,18500,yfinance / Curated SME Data,Balance sheet data sourced from public disclosures; fetch live data using ticker in yfinance
155,Landmark Cars,LANDMARC,NSE Emerge,NSE Emerge,Automobile,Auto Dealership,Luxury Cars,Yes,420.0,1500,yfinance / Curated SME Data,Balance sheet data sourced from public disclosures; fetch live data using ticker in yfinance
156,Minda Corporation,MINDACORP,NSE Emerge,NSE Emerge,Automobile,Auto Ancillary,Auto Components,Yes,580.0,4200,yfinance / Curated SME Data,Balance sheet data sourced from public disclosures; fetch live data using ticker in yfinance
157,Suprajit Engineering,SUPRAJIT,NSE Emerge,NSE Emerge,Automobile,Auto Cables,2W & 4W Cables,Yes,285.0,2800,yfinance / Curated SME Data,Balance sheet data sourced from public disclosures; fetch live data using ticker in yfinance
158,Rane Holdings,RANE,NSE Emerge,NSE Emerge,Automobile,Auto Ancillary,Steering Systems,Yes,450.0,1800,yfinance / Curated SME Data,Balance sheet data sourced from public disclosures; fetch live data using ticker in yfinance
159,Bharat Forge,BHARATFORG,NSE Emerge,NSE Emerge,Automobile,Forgings,Auto & Defense,Yes,3800.0,28000,yfinance / Curated SME Data,Balance sheet data sourced from public disclosures; fetch live data using ticker in yfinance
160,CIE Automotive India,CIEINDIA,NSE Emerge,NSE Emerge,Automobile,Auto Components,Forgings,Yes,280.0,6500,yfinance / Curated SME Data,Balance sheet data sourced from public disclosures; fetch live data using ticker in yfinance
161,Wheels India,WHEELS,NSE Emerge,NSE Emerge,Automobile,Steel Wheels,CV Wheels,Yes,185.0,950,yfinance / Curated SME Data,Balance sheet data sourced from public disclosures; fetch live data using ticker in yfinance
162,Exide Industries,EXIDEIND,NSE Emerge,NSE Emerge,Automobile,Batteries,Lead Acid Battery,Yes,580.0,18500,yfinance / Curated SME Data,Balance sheet data sourced from public disclosures; fetch live data using ticker in yfinance
163,Amara Raja Energy,AMARAJAB,NSE Emerge,NSE Emerge,Automobile,Batteries,Storage Solutions,Yes,650.0,14500,yfinance / Curated SME Data,Balance sheet data sourced from public disclosures; fetch live data using ticker in yfinance
164,Minda Industries,MINDAIND,NSE Emerge,NSE Emerge,Automobile,Lighting & Switches,Auto Electricals,Yes,850.0,9500,yfinance / Curated SME Data,Balance sheet data sourced from public disclosures; fetch live data using ticker in yfinance
165,Sharda Motor Industries,SHARDAMOTR,NSE Emerge,NSE Emerge,Automobile,Exhaust Systems,Auto Components,Yes,95.0,850,yfinance / Curated SME Data,Balance sheet data sourced from public disclosures; fetch live data using ticker in yfinance
166,Ramkrishna Forgings,RKFORGE,NSE Emerge,NSE Emerge,Automobile,Steel Forgings,CV Components,Yes,580.0,3800,yfinance / Curated SME Data,Balance sheet data sourced from public disclosures; fetch live data using ticker in yfinance
167,JBM Auto,JBMA,NSE Emerge,NSE Emerge,Automobile,Stampings & EV Bus,Auto & EV,Yes,1200.0,5500,yfinance / Curated SME Data,Balance sheet data sourced from public disclosures; fetch live data using ticker in yfinance
168,Sona BLW Precision,SONACOMS,NSE Emerge,NSE Emerge,Automobile,EV Components,Driveline,Yes,380.0,18500,yfinance / Curated SME Data,Balance sheet data sourced from public disclosures; fetch live data using ticker in yfinance
169,Craftsman Automation,CRAFTSMAN,NSE Emerge,NSE Emerge,Automobile,Machined Components,Precision Mfg,Yes,620.0,3800,yfinance / Curated SME Data,Balance sheet data sourced from public disclosures; fetch live data using ticker in yfinance
170,Maxposure,MAXPOSURE,BSE SME,BSE SME,Media,Airport Media,OOH Advertising,Yes,18.5,150,yfinance / Curated SME Data,Balance sheet data sourced from public disclosures; fetch live data using ticker in yfinance
171,Digikore Studios,DIGIKORE2,BSE SME,BSE SME,Media,VFX,Post Production,Yes,4.5,95,yfinance / Curated SME Data,Balance sheet data sourced from public disclosures; fetch live data using ticker in yfinance
172,UFO Moviez,UFOMOVIZ,NSE Emerge,NSE Emerge,Media,Digital Cinema,Cinema Tech,Yes,185.0,650,yfinance / Curated SME Data,Balance sheet data sourced from public disclosures; fetch live data using ticker in yfinance
173,Nazara Technologies,NAZARA,NSE Emerge,NSE Emerge,Media,Gaming,Mobile Gaming,No,0.0,3800,yfinance / Curated SME Data,Balance sheet data sourced from public disclosures; fetch live data using ticker in yfinance
174,Saregama India,SAREGAMA,NSE Emerge,NSE Emerge,Media,Music Label,IP & Streaming,No,0.0,8500,yfinance / Curated SME Data,Balance sheet data sourced from public disclosures; fetch live data using ticker in yfinance
175,Shemaroo Entertainment,SHEMAROO,NSE Emerge,NSE Emerge,Media,Content IP,OTT & TV,Yes,280.0,650,yfinance / Curated SME Data,Balance sheet data sourced from public disclosures; fetch live data using ticker in yfinance
176,Tips Industries,TIPS,NSE Emerge,NSE Emerge,Media,Music,Music Streaming,No,0.0,2800,yfinance / Curated SME Data,Balance sheet data sourced from public disclosures; fetch live data using ticker in yfinance
177,PVR Inox,PVRINOX,NSE Emerge,NSE Emerge,Media,Multiplex,Entertainment,Yes,1850.0,8500,yfinance / Curated SME Data,Balance sheet data sourced from public disclosures; fetch live data using ticker in yfinance
178,Inox Leisure,INOXLEISUR,NSE Emerge,NSE Emerge,Media,Multiplex,Cinema Exhibition,Yes,850.0,4200,yfinance / Curated SME Data,Balance sheet data sourced from public disclosures; fetch live data using ticker in yfinance
179,Zee Entertainment,ZEEL,NSE Emerge,NSE Emerge,Media,Broadcast TV,GEC Channel,Yes,380.0,9500,yfinance / Curated SME Data,Balance sheet data sourced from public disclosures; fetch live data using ticker in yfinance
180,Updater Services (UDS),UDS,NSE Emerge,NSE Emerge,Industrials,IFM & Staffing,Facility Management,Yes,145.0,1200,yfinance / Curated SME Data,Balance sheet data sourced from public disclosures; fetch live data using ticker in yfinance
181,Mahindra Logistics,MAHLOG,NSE Emerge,NSE Emerge,Logistics,3PL Logistics,Supply Chain,Yes,285.0,3200,yfinance / Curated SME Data,Balance sheet data sourced from public disclosures; fetch live data using ticker in yfinance
182,Allcargo Logistics,ALLCARGO,NSE Emerge,NSE Emerge,Logistics,LCL & CFS,Multimodal Logistics,Yes,850.0,5500,yfinance / Curated SME Data,Balance sheet data sourced from public disclosures; fetch live data using ticker in yfinance
183,TCI Express,TCIEXP,NSE Emerge,NSE Emerge,Logistics,Surface Express,Express Logistics,No,0.0,3800,yfinance / Curated SME Data,Balance sheet data sourced from public disclosures; fetch live data using ticker in yfinance
184,Gati Limited,GATI,NSE Emerge,NSE Emerge,Logistics,Express Distribution,E-Commerce Logistics,Yes,380.0,1800,yfinance / Curated SME Data,Balance sheet data sourced from public disclosures; fetch live data using ticker in yfinance
185,VRL Logistics,VRLLOG,NSE Emerge,NSE Emerge,Logistics,Road Transport,Goods Transport,Yes,285.0,1800,yfinance / Curated SME Data,Balance sheet data sourced from public disclosures; fetch live data using ticker in yfinance
186,Delhivery,DELHIVERY,NSE Emerge,NSE Emerge,Logistics,Tech Logistics,Ecomm Delivery,Yes,380.0,12500,yfinance / Curated SME Data,Balance sheet data sourced from public disclosures; fetch live data using ticker in yfinance
187,Xpressbees,XPRESSBEE,BSE SME,BSE SME,Logistics,Last Mile,Delivery Aggregator,Yes,180.0,980,yfinance / Curated SME Data,Balance sheet data sourced from public disclosures; fetch live data using ticker in yfinance
188,Om Logistics,OMLOG,BSE SME,BSE SME,Logistics,Road Freight,Bulk Transport,Yes,95.0,280,yfinance / Curated SME Data,Balance sheet data sourced from public disclosures; fetch live data using ticker in yfinance
189,Snowman Logistics,SNOWMAN,NSE Emerge,NSE Emerge,Logistics,Cold Chain,Temperature Logistics,Yes,145.0,750,yfinance / Curated SME Data,Balance sheet data sourced from public disclosures; fetch live data using ticker in yfinance
190,Gopal Snacks (Gujarat),GOPAL2,BSE SME,BSE SME,Agriculture,Namkeen & Snacks,Ethnic Food,Yes,45.0,480,yfinance / Curated SME Data,Balance sheet data sourced from public disclosures; fetch live data using ticker in yfinance
191,Sugarmill Industries,SUGARMILL2,BSE SME,BSE SME,Agriculture,Sugar Milling,Sugar & Ethanol,Yes,85.0,145,yfinance / Curated SME Data,Balance sheet data sourced from public disclosures; fetch live data using ticker in yfinance
192,Mahindra AgriSolutions,MAHAGRI,BSE SME,BSE SME,Agriculture,Agri Tech,Precision Farming,Yes,22.0,180,yfinance / Curated SME Data,Balance sheet data sourced from public disclosures; fetch live data using ticker in yfinance
193,Rajshree Sugars,RAJSHREESUG,NSE Emerge,NSE Emerge,Agriculture,Sugar,Sugar & Co-gen,Yes,380.0,650,yfinance / Curated SME Data,Balance sheet data sourced from public disclosures; fetch live data using ticker in yfinance
194,Balrampur Chini,BALRAMCHIN,NSE Emerge,NSE Emerge,Agriculture,Sugar,Sugar & Ethanol,Yes,580.0,8500,yfinance / Curated SME Data,Balance sheet data sourced from public disclosures; fetch live data using ticker in yfinance
195,Avanti Feeds,AVANTIFEED,NSE Emerge,NSE Emerge,Agriculture,Shrimp Feed,Aquaculture,No,0.0,3800,yfinance / Curated SME Data,Balance sheet data sourced from public disclosures; fetch live data using ticker in yfinance
196,Godrej Agrovet,GODREJAGROVET,NSE Emerge,NSE Emerge,Agriculture,Animal Feed,Diversified Agri,Yes,850.0,6500,yfinance / Curated SME Data,Balance sheet data sourced from public disclosures; fetch live data using ticker in yfinance
197,Kaveri Seed Company,KSCL,NSE Emerge,NSE Emerge,Agriculture,Hybrid Seeds,Agri Inputs,No,0.0,3200,yfinance / Curated SME Data,Balance sheet data sourced from public disclosures; fetch live data using ticker in yfinance
198,PI Industries,PIIND,NSE Emerge,NSE Emerge,Agriculture,Agro Chem,CSM Agri,Yes,285.0,48000,yfinance / Curated SME Data,Balance sheet data sourced from public disclosures; fetch live data using ticker in yfinance
199,Rallis India,RALLIS,NSE Emerge,NSE Emerge,Agriculture,Agro Chemicals,Crop Protection,Yes,120.0,2800,yfinance / Curated SME Data,Balance sheet data sourced from public disclosures; fetch live data using ticker in yfinance
200,NCC Limited,NCC,NSE Emerge,NSE Emerge,Infrastructure,Civil Construction,Roads & Buildings,Yes,1850.0,9800,yfinance / Curated SME Data,Balance sheet data sourced from public disclosures; fetch live data using ticker in yfinance
201,KNR Constructions,KNRCON,NSE Emerge,NSE Emerge,Infrastructure,Roads & Irrigation,HAM Projects,Yes,380.0,5500,yfinance / Curated SME Data,Balance sheet data sourced from public disclosures; fetch live data using ticker in yfinance
202,HG Infra Engineering,HGINFRA,NSE Emerge,NSE Emerge,Infrastructure,Roads,Highway Construction,Yes,620.0,4800,yfinance / Curated SME Data,Balance sheet data sourced from public disclosures; fetch live data using ticker in yfinance
203,RITES Limited,RITES,NSE Emerge,NSE Emerge,Infrastructure,Consulting,Transport Infra,No,0.0,5800,yfinance / Curated SME Data,Balance sheet data sourced from public disclosures; fetch live data using ticker in yfinance
204,IRCON International,IRCON,NSE Emerge,NSE Emerge,Infrastructure,Railways,Rail & Road,Yes,380.0,6500,yfinance / Curated SME Data,Balance sheet data sourced from public disclosures; fetch live data using ticker in yfinance
205,G R Infraprojects,GRINFRA,NSE Emerge,NSE Emerge,Infrastructure,Roads,HAM & EPC,Yes,1850.0,6800,yfinance / Curated SME Data,Balance sheet data sourced from public disclosures; fetch live data using ticker in yfinance
206,PNC Infratech,PNCINFRA,NSE Emerge,NSE Emerge,Infrastructure,Roads,Highway EPC,Yes,580.0,4200,yfinance / Curated SME Data,Balance sheet data sourced from public disclosures; fetch live data using ticker in yfinance
207,Gawar Construction,GAWAR,BSE SME,BSE SME,Infrastructure,Roads,National Highways,Yes,485.0,1200,yfinance / Curated SME Data,Balance sheet data sourced from public disclosures; fetch live data using ticker in yfinance
208,Capacit'e Infraprojects,CAPACITE,NSE Emerge,NSE Emerge,Infrastructure,Buildings,Urban Construction,Yes,380.0,850,yfinance / Curated SME Data,Balance sheet data sourced from public disclosures; fetch live data using ticker in yfinance
209,Man Infraconstruction,MANINFRA,NSE Emerge,NSE Emerge,Infrastructure,Civil Works,Port & Urban,Yes,120.0,1800,yfinance / Curated SME Data,Balance sheet data sourced from public disclosures; fetch live data using ticker in yfinance
210,Ahluwalia Contracts,AHLUCONT,NSE Emerge,NSE Emerge,Infrastructure,Buildings,Institutional Buildings,Yes,95.0,2800,yfinance / Curated SME Data,Balance sheet data sourced from public disclosures; fetch live data using ticker in yfinance
211,BL Kashyap,BLK,NSE Emerge,NSE Emerge,Infrastructure,Buildings,Commercial Buildings,Yes,145.0,580,yfinance / Curated SME Data,Balance sheet data sourced from public disclosures; fetch live data using ticker in yfinance
212,ITD Cementation,ITDCEM,NSE Emerge,NSE Emerge,Infrastructure,Marine & Metro,Specialty Civil,Yes,285.0,3200,yfinance / Curated SME Data,Balance sheet data sourced from public disclosures; fetch live data using ticker in yfinance
213,Dilip Buildcon,DBL,NSE Emerge,NSE Emerge,Infrastructure,Roads,Road HAM,Yes,3800.0,4500,yfinance / Curated SME Data,Balance sheet data sourced from public disclosures; fetch live data using ticker in yfinance
214,Ashoka Buildcon,ASHOKA,NSE Emerge,NSE Emerge,Infrastructure,BOT Roads,Toll Roads,Yes,2800.0,3800,yfinance / Curated SME Data,Balance sheet data sourced from public disclosures; fetch live data using ticker in yfinance
215,Kcal World,KCAL,BSE SME,BSE SME,Consumer,Health Supplements,Nutraceuticals,Yes,8.5,65,yfinance / Curated SME Data,Balance sheet data sourced from public disclosures; fetch live data using ticker in yfinance
216,Jio-BP,JIOBP,BSE SME,BSE SME,Energy,Fuel Retail,EV Charging + Fuel,Yes,45.0,185,yfinance / Curated SME Data,Balance sheet data sourced from public disclosures; fetch live data using ticker in yfinance
217,Alpex Solar,ALPEXSOLAR,BSE SME,BSE SME,Energy,Solar Modules,Module Manufacturing,Yes,18.5,120,yfinance / Curated SME Data,Balance sheet data sourced from public disclosures; fetch live data using ticker in yfinance
218,Bright Solar,BRIGHTSOL,BSE SME,BSE SME,Energy,Solar EPC,Rooftop Solar,Yes,12.0,85,yfinance / Curated SME Data,Balance sheet data sourced from public disclosures; fetch live data using ticker in yfinance
219,Nova AgriTech,NOVAAGRI,NSE Emerge,NSE Emerge,Agriculture,Agri Inputs,Specialty Fertilizers,Yes,22.5,280,yfinance / Curated SME Data,Balance sheet data sourced from public disclosures; fetch live data using ticker in yfinance
220,Manorama Industries,MANORAMA,BSE SME,BSE SME,Agriculture,Kokum Butter,Specialty Oils,No,0.0,85,yfinance / Curated SME Data,Balance sheet data sourced from public disclosures; fetch live data using ticker in yfinance
221,Supriya Lifescience,SUPRIYA,NSE Emerge,NSE Emerge,Healthcare,API,Active Pharma Ingredients,Yes,35.0,650,yfinance / Curated SME Data,Balance sheet data sourced from public disclosures; fetch live data using ticker in yfinance
222,Zaggle Fintech,ZAGGLE2,BSE SME,BSE SME,Technology,SaaS Fintech,Spend Management,No,0.0,850,yfinance / Curated SME Data,Balance sheet data sourced from public disclosures; fetch live data using ticker in yfinance
223,ASK Automotive,ASKAUTOM,NSE Emerge,NSE Emerge,Automobile,2W Braking,2W Components,Yes,145.0,1200,yfinance / Curated SME Data,Balance sheet data sourced from public disclosures; fetch live data using ticker in yfinance
224,Kalyani Steels,KALYANISL,NSE Emerge,NSE Emerge,Materials,Alloy Steel,Automotive Steel,Yes,480.0,1800,yfinance / Curated SME Data,Balance sheet data sourced from public disclosures; fetch live data using ticker in yfinance
225,Bansal Wire Industries,BANSAL,NSE Emerge,NSE Emerge,Materials,Steel Wire,Wire Products,Yes,580.0,1800,yfinance / Curated SME Data,Balance sheet data sourced from public disclosures; fetch live data using ticker in yfinance
226,Gala Precision Engineering,GALA,BSE SME,BSE SME,Industrials,Springs,Precision Springs,Yes,22.0,185,yfinance / Curated SME Data,Balance sheet data sourced from public disclosures; fetch live data using ticker in yfinance
227,Euro India Fresh Foods,EUROIND,BSE SME,BSE SME,Consumer,Bakery,Artisan Breads,Yes,5.5,45,yfinance / Curated SME Data,Balance sheet data sourced from public disclosures; fetch live data using ticker in yfinance
228,Allied Blenders & Distillers,ABD,NSE Emerge,NSE Emerge,Consumer,IMFL,Whisky & Spirits,Yes,680.0,3800,yfinance / Curated SME Data,Balance sheet data sourced from public disclosures; fetch live data using ticker in yfinance
229,NSLNISP,NSLNISP,BSE SME,BSE SME,Industrials,Steel,Long Steel Products,Yes,380.0,485,yfinance / Curated SME Data,Balance sheet data sourced from public disclosures; fetch live data using ticker in yfinance
230,Cigniti Technologies,CIGNITI,NSE Emerge,NSE Emerge,Technology,Testing Services,Software QA,Yes,85.0,1800,yfinance / Curated SME Data,Balance sheet data sourced from public disclosures; fetch live data using ticker in yfinance
231,Kellton Tech Solutions,KELLTON,NSE Emerge,NSE Emerge,Technology,SAP & IoT,Enterprise IT,Yes,55.0,650,yfinance / Curated SME Data,Balance sheet data sourced from public disclosures; fetch live data using ticker in yfinance
232,Mastech Digital,MASTECH,NSE Emerge,NSE Emerge,Technology,IT Staffing,Digital Transformation,Yes,22.0,580,yfinance / Curated SME Data,Balance sheet data sourced from public disclosures; fetch live data using ticker in yfinance
233,KPIT Technologies,KPITTECH,NSE Emerge,NSE Emerge,Technology,Automotive Software,Auto Tech,Yes,35.0,22000,yfinance / Curated SME Data,Balance sheet data sourced from public disclosures; fetch live data using ticker in yfinance
234,Newgen Software,NEWGEN,NSE Emerge,NSE Emerge,Technology,BPM & ECM,Process Automation,No,0.0,6500,yfinance / Curated SME Data,Balance sheet data sourced from public disclosures; fetch live data using ticker in yfinance
235,Data Patterns India,DATAPATT,NSE Emerge,NSE Emerge,Defense,Defence Electronics,Radar & Avionics,Yes,28.5,4800,yfinance / Curated SME Data,Balance sheet data sourced from public disclosures; fetch live data using ticker in yfinance
236,MTAR Technologies,MTAR,NSE Emerge,NSE Emerge,Defense,Precision Products,Space & Nuclear,Yes,85.0,3200,yfinance / Curated SME Data,Balance sheet data sourced from public disclosures; fetch live data using ticker in yfinance
237,Paras Defence,PARASDEF,NSE Emerge,NSE Emerge,Defense,Defense Optics,Defense Systems,Yes,45.0,1200,yfinance / Curated SME Data,Balance sheet data sourced from public disclosures; fetch live data using ticker in yfinance
238,Astra Microwave,ASTRAMICRO,NSE Emerge,NSE Emerge,Defense,Microwave Products,Defense RF,Yes,38.5,1800,yfinance / Curated SME Data,Balance sheet data sourced from public disclosures; fetch live data using ticker in yfinance
239,Bharat Dynamics,BDL,NSE Emerge,NSE Emerge,Defense,Missiles,Guided Weapons,No,0.0,35000,yfinance / Curated SME Data,Balance sheet data sourced from public disclosures; fetch live data using ticker in yfinance
240,Zen Technologies,ZENTEC,NSE Emerge,NSE Emerge,Defense,Training Simulators,Defense Training,No,0.0,3800,yfinance / Curated SME Data,Balance sheet data sourced from public disclosures; fetch live data using ticker in yfinance
241,Apollo Micro Systems,APOLLO,NSE Emerge,NSE Emerge,Defense,Defense Electronics,Electronic Systems,Yes,45.0,850,yfinance / Curated SME Data,Balance sheet data sourced from public disclosures; fetch live data using ticker in yfinance
242,Anant Raj,ANANTRAJ,NSE Emerge,NSE Emerge,Defense,IT & RE,Data Centers,Yes,580.0,8500,yfinance / Curated SME Data,Balance sheet data sourced from public disclosures; fetch live data using ticker in yfinance
243,DCX Systems,DCX,NSE Emerge,NSE Emerge,Defense,Cable Harness,Aerospace Cables,Yes,85.0,850,yfinance / Curated SME Data,Balance sheet data sourced from public disclosures; fetch live data using ticker in yfinance
244,Sansera Engineering,SANSERA,NSE Emerge,NSE Emerge,Defense,Precision Mfg,Aerospace Components,Yes,380.0,2800,yfinance / Curated SME Data,Balance sheet data sourced from public disclosures; fetch live data using ticker in yfinance
245,Campus Activewear,CAMPUS,NSE Emerge,NSE Emerge,Consumer,Sports Footwear,Athleisure,Yes,85.0,2800,yfinance / Curated SME Data,Balance sheet data sourced from public disclosures; fetch live data using ticker in yfinance
246,Global Education (GEDU),GEDU,BSE SME,BSE SME,Education,K-12 Schools,Education Services,Yes,45.0,180,yfinance / Curated SME Data,Balance sheet data sourced from public disclosures; fetch live data using ticker in yfinance
247,Zee Learn,ZEELEARN,NSE Emerge,NSE Emerge,Education,K-12 Education,Preschool Chain,Yes,120.0,280,yfinance / Curated SME Data,Balance sheet data sourced from public disclosures; fetch live data using ticker in yfinance
248,Brainbees Solutions (FirstCry),BRAINBEES,NSE Emerge,NSE Emerge,Education,Kids Retail,Baby & Kids,Yes,380.0,9800,yfinance / Curated SME Data,Balance sheet data sourced from public disclosures; fetch live data using ticker in yfinance
249,MT Educare,MTEDUCARE,BSE SME,BSE SME,Education,Coaching,Test Prep,Yes,15.5,85,yfinance / Curated SME Data,Balance sheet data sourced from public disclosures; fetch live data using ticker in yfinance
250,Centum Learning,CENTENIAL,BSE SME,BSE SME,Education,Corporate Training,L&D,Yes,8.5,55,yfinance / Curated SME Data,Balance sheet data sourced from public disclosures; fetch live data using ticker in yfinance
251,Schoolnet India,SCHOOLNET,BSE SME,BSE SME,Education,EdTech,Digital Education,Yes,12.0,75,yfinance / Curated SME Data,Balance sheet data sourced from public disclosures; fetch live data using ticker in yfinance
252,Everonn Education,EVERONN,BSE SME,BSE SME,Education,ICT Education,Smart Classrooms,Yes,22.0,65,yfinance / Curated SME Data,Balance sheet data sourced from public disclosures; fetch live data using ticker in yfinance
253,Sterlite Technologies,STRTECH,NSE Emerge,NSE Emerge,Technology,Optical Fibre,Digital Networks,Yes,1850.0,4800,yfinance / Curated SME Data,Balance sheet data sourced from public disclosures; fetch live data using ticker in yfinance
254,HFCL,HFCL,NSE Emerge,NSE Emerge,Technology,Optical Cables & Telecom,Telecom Infra,Yes,1200.0,4500,yfinance / Curated SME Data,Balance sheet data sourced from public disclosures; fetch live data using ticker in yfinance
255,Tejas Networks,TEJASNET,NSE Emerge,NSE Emerge,Technology,Optical Networking,5G & Telecom,Yes,145.0,4200,yfinance / Curated SME Data,Balance sheet data sourced from public disclosures; fetch live data using ticker in yfinance
256,Black Box Networks,BLACKBOX,BSE SME,BSE SME,Technology,IT Network Infra,Networking,Yes,18.5,95,yfinance / Curated SME Data,Balance sheet data sourced from public disclosures; fetch live data using ticker in yfinance
257,Smartlink Holdings,SMARTLINK,NSE Emerge,NSE Emerge,Technology,Network Products,IT Products,No,0.0,280,yfinance / Curated SME Data,Balance sheet data sourced from public disclosures; fetch live data using ticker in yfinance
258,Indian Hotels,IHC,NSE Emerge,NSE Emerge,Consumer,Hotels,Taj Hotels,Yes,1850.0,65000,yfinance / Curated SME Data,Balance sheet data sourced from public disclosures; fetch live data using ticker in yfinance
259,EIH Limited,EIHOTEL,NSE Emerge,NSE Emerge,Consumer,Hotels,Oberoi Hotels,Yes,280.0,9800,yfinance / Curated SME Data,Balance sheet data sourced from public disclosures; fetch live data using ticker in yfinance
260,Chalet Hotels,CHALET,NSE Emerge,NSE Emerge,Consumer,Hotels,Business Hotels,Yes,1850.0,5500,yfinance / Curated SME Data,Balance sheet data sourced from public disclosures; fetch live data using ticker in yfinance
261,Lemon Tree Hotels,LEMONTREE,NSE Emerge,NSE Emerge,Consumer,Mid-Market Hotels,Economy Hotels,Yes,1200.0,6500,yfinance / Curated SME Data,Balance sheet data sourced from public disclosures; fetch live data using ticker in yfinance
262,Mahindra Holidays,MHRIL,NSE Emerge,NSE Emerge,Consumer,Vacation Ownership,Club Mahindra,Yes,380.0,3200,yfinance / Curated SME Data,Balance sheet data sourced from public disclosures; fetch live data using ticker in yfinance
263,Juniper Hotels,JUNIPER,BSE SME,BSE SME,Consumer,Hotels,Heritage Hotels,Yes,145.0,480,yfinance / Curated SME Data,Balance sheet data sourced from public disclosures; fetch live data using ticker in yfinance
264,The Park Hotels,PARKHOTEL2,BSE SME,BSE SME,Consumer,Hotels,Boutique Hotels,Yes,95.0,280,yfinance / Curated SME Data,Balance sheet data sourced from public disclosures; fetch live data using ticker in yfinance
265,Sayaji Hotels,SAYAJIHOTEL,BSE SME,BSE SME,Consumer,Hotels,Leisure Hotels,Yes,55.0,180,yfinance / Curated SME Data,Balance sheet data sourced from public disclosures; fetch live data using ticker in yfinance
266,Geojit Financial,GEOJITFSL,NSE Emerge,NSE Emerge,Financials,Retail Broking,Stock Broking,No,0.0,850,yfinance / Curated SME Data,Balance sheet data sourced from public disclosures; fetch live data using ticker in yfinance
267,SBFC Finance,SBFC,NSE Emerge,NSE Emerge,Financials,MSME Loans,SME Lending,Yes,5800.0,3200,yfinance / Curated SME Data,Balance sheet data sourced from public disclosures; fetch live data using ticker in yfinance
268,Northern Arc Capital,NORTHARC,NSE Emerge,NSE Emerge,Financials,Debt Platform,MSME Finance,Yes,8500.0,3800,yfinance / Curated SME Data,Balance sheet data sourced from public disclosures; fetch live data using ticker in yfinance
269,Vaibhav Global,VAIBHAVGBL,NSE Emerge,NSE Emerge,Consumer,Online Jewelry,TV Shopping,Yes,85.0,3800,yfinance / Curated SME Data,Balance sheet data sourced from public disclosures; fetch live data using ticker in yfinance
270,CarTrade Tech,CARTRADE,NSE Emerge,NSE Emerge,Technology,Auto Platform,Auto Classifieds,No,0.0,2800,yfinance / Curated SME Data,Balance sheet data sourced from public disclosures; fetch live data using ticker in yfinance
271,Policybazaar,POLICYBZR,NSE Emerge,NSE Emerge,Financials,Insurtech,Insurance Aggregator,No,0.0,12500,yfinance / Curated SME Data,Balance sheet data sourced from public disclosures; fetch live data using ticker in yfinance
272,Yudiz Solutions,YUDIZ,BSE SME,BSE SME,Technology,Game Dev & AR/VR,Gaming Tech,Yes,3.5,85,yfinance / Curated SME Data,Balance sheet data sourced from public disclosures; fetch live data using ticker in yfinance
273,One Click Logic,ONECLICK,BSE SME,BSE SME,Technology,Digital Marketing,MarTech,Yes,2.2,38,yfinance / Curated SME Data,Balance sheet data sourced from public disclosures; fetch live data using ticker in yfinance
274,Sai Bhaskar Biotech,SAIBHASKBIO,BSE SME,BSE SME,Healthcare,Biotech,Enzymes,Yes,9.5,55,yfinance / Curated SME Data,Balance sheet data sourced from public disclosures; fetch live data using ticker in yfinance
275,Vraj Iron & Steel,VRAJ,BSE SME,BSE SME,Industrials,TMT Bars,Steel Long Products,Yes,85.0,480,yfinance / Curated SME Data,Balance sheet data sourced from public disclosures; fetch live data using ticker in yfinance
276,EMS Limited,EMS,NSE Emerge,NSE Emerge,Industrials,Water & Sewage EPC,Urban Infra,Yes,55.0,380,yfinance / Curated SME Data,Balance sheet data sourced from public disclosures; fetch live data using ticker in yfinance
277,Ethos Limited,ETHOS,NSE Emerge,NSE Emerge,Consumer,Luxury Watches,Premium Watches,Yes,95.0,1800,yfinance / Curated SME Data,Balance sheet data sourced from public disclosures; fetch live data using ticker in yfinance
278,Kaynes Technology,KAYNES,NSE Emerge,NSE Emerge,Technology,EMS,IoT & Smart Mfg,Yes,285.0,5500,yfinance / Curated SME Data,Balance sheet data sourced from public disclosures; fetch live data using ticker in yfinance
279,Avalon Tech (EMS),AVALONEMS,BSE SME,BSE SME,Technology,EMS,PCB Assembly,Yes,45.0,380,yfinance / Curated SME Data,Balance sheet data sourced from public disclosures; fetch live data using ticker in yfinance
280,Electro Force India,ELECTROF,BSE SME,BSE SME,Industrials,Electrical Contracting,Power EPC,Yes,18.5,85,yfinance / Curated SME Data,Balance sheet data sourced from public disclosures; fetch live data using ticker in yfinance
281,Maxvolt Energy,MAXVOLT,BSE SME,BSE SME,Energy,Li-ion Battery,Energy Storage,Yes,22.0,120,yfinance / Curated SME Data,Balance sheet data sourced from public disclosures; fetch live data using ticker in yfinance
282,Shri Ram Switchgear,SRSWITCH,BSE SME,BSE SME,Industrials,Switchgear,Electrical Panel,Yes,12.5,65,yfinance / Curated SME Data,Balance sheet data sourced from public disclosures; fetch live data using ticker in yfinance
283,Maris-Tech,MARISTECH,BSE SME,BSE SME,Technology,IoT,Industrial IoT,Yes,5.5,55,yfinance / Curated SME Data,Balance sheet data sourced from public disclosures; fetch live data using ticker in yfinance
284,Shubhlaxmi Poly Yarn,SHUBHLAXMI,BSE SME,BSE SME,Textiles,Polyester Yarn,Synthetic Textile,Yes,28.5,85,yfinance / Curated SME Data,Balance sheet data sourced from public disclosures; fetch live data using ticker in yfinance
285,HMA Agro Industries,HMAAGRO,NSE Emerge,NSE Emerge,Agriculture,Frozen Meat Export,Agri Export,Yes,85.0,350,yfinance / Curated SME Data,Balance sheet data sourced from public disclosures; fetch live data using ticker in yfinance
286,Arkade Developers (Corp),ARKADECORP,BSE SME,BSE SME,Real Estate,Township,Integrated Township,Yes,180.0,380,yfinance / Curated SME Data,Balance sheet data sourced from public disclosures; fetch live data using ticker in yfinance
287,Aayam Medicaments,AAYAM,BSE SME,BSE SME,Healthcare,Generic Pharma,OTC Drugs,Yes,5.5,42,yfinance / Curated SME Data,Balance sheet data sourced from public disclosures; fetch live data using ticker in yfinance
288,Vimta Labs,VIMTALABS,NSE Emerge,NSE Emerge,Healthcare,Testing Lab,Pharma & Food Testing,Yes,22.0,480,yfinance / Curated SME Data,Balance sheet data sourced from public disclosures; fetch live data using ticker in yfinance
289,Galaxy Surfactants,GALAXYSURF,NSE Emerge,NSE Emerge,Materials,Surfactants,Personal Care Chem,No,0.0,5500,yfinance / Curated SME Data,Balance sheet data sourced from public disclosures; fetch live data using ticker in yfinance
290,Gujarat Fluorochemicals,GUJFLUORO,NSE Emerge,NSE Emerge,Materials,Fluoro Polymers,PTFE & Refrigerants,Yes,650.0,22000,yfinance / Curated SME Data,Balance sheet data sourced from public disclosures; fetch live data using ticker in yfinance
291,Navin Fluorine,NAVINFLUOR,NSE Emerge,NSE Emerge,Materials,CRAMS Fluoro,Specialty Fluoro,Yes,285.0,14500,yfinance / Curated SME Data,Balance sheet data sourced from public disclosures; fetch live data using ticker in yfinance
292,Himadri Speciality,HISARCHEM,NSE Emerge,NSE Emerge,Materials,Carbon Black,Coal Tar Chem,Yes,580.0,6500,yfinance / Curated SME Data,Balance sheet data sourced from public disclosures; fetch live data using ticker in yfinance
293,Caplin Point Labs,CAPLINPNT,NSE Emerge,NSE Emerge,Healthcare,Branded Generics,LatAm Pharma,No,0.0,5800,yfinance / Curated SME Data,Balance sheet data sourced from public disclosures; fetch live data using ticker in yfinance
294,Neuland Laboratories,NEULAND,NSE Emerge,NSE Emerge,Healthcare,API CRAMS,Complex API,Yes,285.0,5500,yfinance / Curated SME Data,Balance sheet data sourced from public disclosures; fetch live data using ticker in yfinance
295,Solara Active Pharma,SOLARA,NSE Emerge,NSE Emerge,Healthcare,API,Ibuprofen API,Yes,380.0,1200,yfinance / Curated SME Data,Balance sheet data sourced from public disclosures; fetch live data using ticker in yfinance
296,Sequent Scientific,SEQUENT,NSE Emerge,NSE Emerge,Healthcare,Vet API,Animal Health,Yes,580.0,2800,yfinance / Curated SME Data,Balance sheet data sourced from public disclosures; fetch live data using ticker in yfinance
297,Concord Biotech,CONCORDBIO,NSE Emerge,NSE Emerge,Healthcare,Fermentation API,Biotech API,No,0.0,5500,yfinance / Curated SME Data,Balance sheet data sourced from public disclosures; fetch live data using ticker in yfinance
298,Innova Captab (NSE),INNOVACAPNSE,NSE Emerge,NSE Emerge,Healthcare,CDMO,Pharma Services,Yes,145.0,1800,yfinance / Curated SME Data,Balance sheet data sourced from public disclosures; fetch live data using ticker in yfinance
299,Gland Pharma,GLAND,NSE Emerge,NSE Emerge,Healthcare,Injectables,Generic Injectables,Yes,380.0,18500,yfinance / Curated SME Data,Balance sheet data sourced from public disclosures; fetch live data using ticker in yfinance
300,Strides Pharma,STAR,NSE Emerge,NSE Emerge,Healthcare,Regulated Generics,US Generic Drugs,Yes,580.0,4500,yfinance / Curated SME Data,Balance sheet data sourced from public disclosures; fetch live data using ticker in yfinance
301,Ceinsys Tech,CEINSYS,NSE Emerge,NSE Emerge,Technology,GIS & Engineering,Geospatial Tech,Yes,22.5,280,yfinance / Curated SME Data,Balance sheet data sourced from public disclosures; fetch live data using ticker in yfinance
302,MPS Limited,MPS,NSE Emerge,NSE Emerge,Technology,Publishing Tech,EdTech Publishing,No,0.0,1800,yfinance / Curated SME Data,Balance sheet data sourced from public disclosures; fetch live data using ticker in yfinance
303,Take Solutions,TAKE,NSE Emerge,NSE Emerge,Technology,SCM Software,Life Sciences IT,Yes,95.0,580,yfinance / Curated SME Data,Balance sheet data sourced from public disclosures; fetch live data using ticker in yfinance
304,Nucleus Software,NUCLEUSFTS,NSE Emerge,NSE Emerge,Technology,Banking Software,Fintech Software,No,0.0,1800,yfinance / Curated SME Data,Balance sheet data sourced from public disclosures; fetch live data using ticker in yfinance
305,Netsol Technologies,NETSOL,BSE SME,BSE SME,Technology,Leasing Software,Auto Fin Software,No,0.0,380,yfinance / Curated SME Data,Balance sheet data sourced from public disclosures; fetch live data using ticker in yfinance
306,Intellect Design Arena,INTELLECT,NSE Emerge,NSE Emerge,Technology,Banking IT,Digital Banking,Yes,95.0,4800,yfinance / Curated SME Data,Balance sheet data sourced from public disclosures; fetch live data using ticker in yfinance
307,RS Software,RSSOFTWARE,NSE Emerge,NSE Emerge,Technology,Payments IT,Payment Technology,Yes,8.5,180,yfinance / Curated SME Data,Balance sheet data sourced from public disclosures; fetch live data using ticker in yfinance
308,Firstsource Solutions,FSL,NSE Emerge,NSE Emerge,Technology,BPO/BPM,Digital BPS,Yes,280.0,4500,yfinance / Curated SME Data,Balance sheet data sourced from public disclosures; fetch live data using ticker in yfinance
309,Eclerx Services,ECLERX,NSE Emerge,NSE Emerge,Technology,KPO,Analytics BPO,No,0.0,4800,yfinance / Curated SME Data,Balance sheet data sourced from public disclosures; fetch live data using ticker in yfinance
310,NIIT Learning,NIIT,NSE Emerge,NSE Emerge,Technology,Corporate Learning,EdTech,Yes,45.0,1200,yfinance / Curated SME Data,Balance sheet data sourced from public disclosures; fetch live data using ticker in yfinance
311,Zensar Technologies,ZENSARTECH,NSE Emerge,NSE Emerge,Technology,IT Services,Digital Transformation,Yes,55.0,6500,yfinance / Curated SME Data,Balance sheet data sourced from public disclosures; fetch live data using ticker in yfinance
312,Persistent Systems,PERSISTENT,NSE Emerge,NSE Emerge,Technology,IT Services,Cloud & Digital,No,0.0,58000,yfinance / Curated SME Data,Balance sheet data sourced from public disclosures; fetch live data using ticker in yfinance
313,Mphasis,MPHASIS,NSE Emerge,NSE Emerge,Technology,IT Services,BFS Technology,No,0.0,28000,yfinance / Curated SME Data,Balance sheet data sourced from public disclosures; fetch live data using ticker in yfinance
314,Hexaware Technologies,HEXAWARE,NSE Emerge,NSE Emerge,Technology,IT Services,AI-led BPS,Yes,120.0,22000,yfinance / Curated SME Data,Balance sheet data sourced from public disclosures; fetch live data using ticker in yfinance
315,Birlasoft,BSOFT,NSE Emerge,NSE Emerge,Technology,IT Services,ERP & Cloud,Yes,38.5,5500,yfinance / Curated SME Data,Balance sheet data sourced from public disclosures; fetch live data using ticker in yfinance
316,Mastek,MASTEK,NSE Emerge,NSE Emerge,Technology,IT Services,Government Digital,Yes,45.0,3800,yfinance / Curated SME Data,Balance sheet data sourced from public disclosures; fetch live data using ticker in yfinance
317,NIIT Technologies,NIITLTD,NSE Emerge,NSE Emerge,Technology,IT Services,Travel Tech,Yes,55.0,4200,yfinance / Curated SME Data,Balance sheet data sourced from public disclosures; fetch live data using ticker in yfinance
318,Tata Elxsi,TATAELXSI,NSE Emerge,NSE Emerge,Technology,Design & Technology,Auto & Media Tech,No,0.0,35000,yfinance / Curated SME Data,Balance sheet data sourced from public disclosures; fetch live data using ticker in yfinance
319,L&T Technology Services,LTTS,NSE Emerge,NSE Emerge,Technology,Engineering Services,ER&D,No,0.0,38000,yfinance / Curated SME Data,Balance sheet data sourced from public disclosures; fetch live data using ticker in yfinance
320,Happiest Minds,HAPPSTMNDS,NSE Emerge,NSE Emerge,Technology,Digital IT,Born Digital,No,0.0,8500,yfinance / Curated SME Data,Balance sheet data sourced from public disclosures; fetch live data using ticker in yfinance
321,Route Mobile,ROUTE,NSE Emerge,NSE Emerge,Technology,CPaaS,Cloud Communication,Yes,285.0,5500,yfinance / Curated SME Data,Balance sheet data sourced from public disclosures; fetch live data using ticker in yfinance
322,Tanla Platforms,TANLA,NSE Emerge,NSE Emerge,Technology,Messaging Platform,Enterprise Messaging,No,0.0,5500,yfinance / Curated SME Data,Balance sheet data sourced from public disclosures; fetch live data using ticker in yfinance
323,Indiamart Intermesh,INDIAMART,NSE Emerge,NSE Emerge,Technology,B2B Marketplace,SME Marketplace,No,0.0,12500,yfinance / Curated SME Data,Balance sheet data sourced from public disclosures; fetch live data using ticker in yfinance
324,TradeIndia (Infocom Network),TRADEINDIA,BSE SME,BSE SME,Technology,B2B Portal,Digital Trade,Yes,12.0,95,yfinance / Curated SME Data,Balance sheet data sourced from public disclosures; fetch live data using ticker in yfinance
325,Affle India,AFFLE,NSE Emerge,NSE Emerge,Technology,Mobile Marketing,AdTech,Yes,95.0,9800,yfinance / Curated SME Data,Balance sheet data sourced from public disclosures; fetch live data using ticker in yfinance
326,Dr Lal Pathlabs,LALPATHLAB,NSE Emerge,NSE Emerge,Healthcare,Diagnostics,Pathology Labs,No,0.0,15000,yfinance / Curated SME Data,Balance sheet data sourced from public disclosures; fetch live data using ticker in yfinance
327,Metropolis Healthcare,METROPOLIS,NSE Emerge,NSE Emerge,Healthcare,Diagnostics,Lab Network,No,0.0,4800,yfinance / Curated SME Data,Balance sheet data sourced from public disclosures; fetch live data using ticker in yfinance
328,Thyrocare,THYROCARE,NSE Emerge,NSE Emerge,Healthcare,Diagnostics,Franchise Diagnostics,No,0.0,1800,yfinance / Curated SME Data,Balance sheet data sourced from public disclosures; fetch live data using ticker in yfinance
329,Healthium Medtech,HEALTHIUM,NSE Emerge,NSE Emerge,Healthcare,Surgical Devices,Wound Care,Yes,145.0,1500,yfinance / Curated SME Data,Balance sheet data sourced from public disclosures; fetch live data using ticker in yfinance
330,Poly Medicure,POLYMED,NSE Emerge,NSE Emerge,Healthcare,Medical Devices,IV Therapy,Yes,85.0,3200,yfinance / Curated SME Data,Balance sheet data sourced from public disclosures; fetch live data using ticker in yfinance
331,Nile Surgicals,NILE,BSE SME,BSE SME,Healthcare,Surgical Instruments,OT Equipment,Yes,5.5,45,yfinance / Curated SME Data,Balance sheet data sourced from public disclosures; fetch live data using ticker in yfinance
332,Sutures India,SUTURESINDIA,BSE SME,BSE SME,Healthcare,Sutures,Wound Closure,Yes,18.5,120,yfinance / Curated SME Data,Balance sheet data sourced from public disclosures; fetch live data using ticker in yfinance
333,Shree Ram Surgical,SHREERAMS,BSE SME,BSE SME,Healthcare,Surgical Disposables,Hospital Supplies,Yes,8.5,55,yfinance / Curated SME Data,Balance sheet data sourced from public disclosures; fetch live data using ticker in yfinance
334,Gufic Biosciences,GUFICBIO,NSE Emerge,NSE Emerge,Healthcare,Lyophilized Injectables,Specialty Pharma,Yes,55.0,1800,yfinance / Curated SME Data,Balance sheet data sourced from public disclosures; fetch live data using ticker in yfinance
335,Hester Biosciences,HESTERBIO,NSE Emerge,NSE Emerge,Healthcare,Vet Vaccines,Animal Health,No,0.0,1200,yfinance / Curated SME Data,Balance sheet data sourced from public disclosures; fetch live data using ticker in yfinance
336,Indian Immunologicals,INDIANIMM,BSE SME,BSE SME,Healthcare,Vaccines,Vet & Human Vaccines,Yes,45.0,480,yfinance / Curated SME Data,Balance sheet data sourced from public disclosures; fetch live data using ticker in yfinance
337,Windlas Biotech,WINDLAS,NSE Emerge,NSE Emerge,Healthcare,CDMO,Pharma Contract,Yes,45.0,650,yfinance / Curated SME Data,Balance sheet data sourced from public disclosures; fetch live data using ticker in yfinance
338,Medplus Health Services,MEDPLUS,NSE Emerge,NSE Emerge,Healthcare,Pharmacy Retail,Drug Retail,Yes,380.0,4500,yfinance / Curated SME Data,Balance sheet data sourced from public disclosures; fetch live data using ticker in yfinance
339,Wellness Forever,WELLNES,BSE SME,BSE SME,Healthcare,Pharmacy Retail,Pharmacy Chain,Yes,55.0,480,yfinance / Curated SME Data,Balance sheet data sourced from public disclosures; fetch live data using ticker in yfinance
340,Aspire Medico Surgical,ASPIREMD,BSE SME,BSE SME,Healthcare,Ortho Implants,Implants,Yes,12.5,85,yfinance / Curated SME Data,Balance sheet data sourced from public disclosures; fetch live data using ticker in yfinance
341,Paisabazaar (PB Fintech),PBFINTECH,NSE Emerge,NSE Emerge,Financials,Fintech Platform,Lending Platform,No,0.0,14500,yfinance / Curated SME Data,Balance sheet data sourced from public disclosures; fetch live data using ticker in yfinance
342,Nuvama Wealth,NUVAMA,NSE Emerge,NSE Emerge,Financials,Wealth Management,Private Wealth,Yes,1200.0,9800,yfinance / Curated SME Data,Balance sheet data sourced from public disclosures; fetch live data using ticker in yfinance
343,360 One WAM,360ONE,NSE Emerge,NSE Emerge,Financials,Wealth & AMC,Wealth Tech,Yes,280.0,12500,yfinance / Curated SME Data,Balance sheet data sourced from public disclosures; fetch live data using ticker in yfinance
344,Anand Rathi Wealth,ANANDRATHI,NSE Emerge,NSE Emerge,Financials,Wealth Mgmt,MFD & Wealth,No,0.0,8500,yfinance / Curated SME Data,Balance sheet data sourced from public disclosures; fetch live data using ticker in yfinance
345,IIFL Finance,IIFL,NSE Emerge,NSE Emerge,Financials,NBFC,Diversified Lending,Yes,28500.0,8500,yfinance / Curated SME Data,Balance sheet data sourced from public disclosures; fetch live data using ticker in yfinance
346,Ugro Capital,UGROCAP,NSE Emerge,NSE Emerge,Financials,MSME Finance,Co-Lending,Yes,2800.0,1200,yfinance / Curated SME Data,Balance sheet data sourced from public disclosures; fetch live data using ticker in yfinance
347,Lendingkart Finance,LENDINGKART,BSE SME,BSE SME,Financials,MSME Digital Loans,Fintech Lending,Yes,1800.0,580,yfinance / Curated SME Data,Balance sheet data sourced from public disclosures; fetch live data using ticker in yfinance
348,NeoGrowth Credit,NEOGROWTH,BSE SME,BSE SME,Financials,Retail MSME Loans,POS-based Lending,Yes,1200.0,380,yfinance / Curated SME Data,Balance sheet data sourced from public disclosures; fetch live data using ticker in yfinance
349,U GRO Capital,UGROCAP2,BSE SME,BSE SME,Financials,SME Secured,SME Loans,Yes,2200.0,850,yfinance / Curated SME Data,Balance sheet data sourced from public disclosures; fetch live data using ticker in yfinance
350,Stashfin,STASHFIN,BSE SME,BSE SME,Financials,Personal Fin,Digital Lending,Yes,480.0,280,yfinance / Curated SME Data,Balance sheet data sourced from public disclosures; fetch live data using ticker in yfinance
351,Incred Financial,INCRED,BSE SME,BSE SME,Financials,Education & MSME Loans,Specialty NBFC,Yes,3800.0,1200,yfinance / Curated SME Data,Balance sheet data sourced from public disclosures; fetch live data using ticker in yfinance
352,Veritas Finance,VERITAS,BSE SME,BSE SME,Financials,Micro Finance,Micro NBFC,Yes,850.0,380,yfinance / Curated SME Data,Balance sheet data sourced from public disclosures; fetch live data using ticker in yfinance
353,Kinara Capital,KINARA,BSE SME,BSE SME,Financials,MSME Manufacturing,Asset Finance,Yes,1200.0,480,yfinance / Curated SME Data,Balance sheet data sourced from public disclosures; fetch live data using ticker in yfinance
354,Vaya Finserv,VAYAFIN,BSE SME,BSE SME,Financials,Rural MSME,Agri Finance,Yes,580.0,280,yfinance / Curated SME Data,Balance sheet data sourced from public disclosures; fetch live data using ticker in yfinance
355,RING (formerly Kissht),RING,BSE SME,BSE SME,Financials,Consumer Lending,BNPL,Yes,280.0,380,yfinance / Curated SME Data,Balance sheet data sourced from public disclosures; fetch live data using ticker in yfinance
356,Greaves Cotton,GREAVESCOT,NSE Emerge,NSE Emerge,Industrials,Engines & EV,Mobility,Yes,285.0,3200,yfinance / Curated SME Data,Balance sheet data sourced from public disclosures; fetch live data using ticker in yfinance
357,Kirloskar Brothers,KIRLOSBROS,NSE Emerge,NSE Emerge,Industrials,Pumps,Industrial Pumps,Yes,180.0,4800,yfinance / Curated SME Data,Balance sheet data sourced from public disclosures; fetch live data using ticker in yfinance
358,Praj Industries,PRAJIND,NSE Emerge,NSE Emerge,Industrials,Bio Ethanol EPC,Bioenergy,Yes,85.0,6500,yfinance / Curated SME Data,Balance sheet data sourced from public disclosures; fetch live data using ticker in yfinance
359,ThyssenKrupp (India),THYSSENKRU,BSE SME,BSE SME,Industrials,Material Handling,Steel & Elevator,Yes,28.5,280,yfinance / Curated SME Data,Balance sheet data sourced from public disclosures; fetch live data using ticker in yfinance
360,Rolex Rings,ROLEXRINGS,NSE Emerge,NSE Emerge,Industrials,Forged Rings,Auto & Bearings,Yes,380.0,2800,yfinance / Curated SME Data,Balance sheet data sourced from public disclosures; fetch live data using ticker in yfinance
361,Ramco Systems,RAMCOSYS,NSE Emerge,NSE Emerge,Industrials,ERP Software,Aviation ERP,Yes,55.0,1200,yfinance / Curated SME Data,Balance sheet data sourced from public disclosures; fetch live data using ticker in yfinance
362,Carborundum Universal,CARBORUNIV,NSE Emerge,NSE Emerge,Industrials,Abrasives,Industrial Abrasives,Yes,185.0,9800,yfinance / Curated SME Data,Balance sheet data sourced from public disclosures; fetch live data using ticker in yfinance
363,Ahlstrom Munksjö,AHLSTROM,BSE SME,BSE SME,Industrials,Specialty Paper,Filtration Paper,Yes,22.0,95,yfinance / Curated SME Data,Balance sheet data sourced from public disclosures; fetch live data using ticker in yfinance
364,Uniparts India,UNIPARTS,NSE Emerge,NSE Emerge,Industrials,Agri Components,3-Point Linkage,Yes,120.0,1200,yfinance / Curated SME Data,Balance sheet data sourced from public disclosures; fetch live data using ticker in yfinance
365,Ramkrishna Forgings,RKFORGE2,NSE Emerge,NSE Emerge,Industrials,Steel Forgings,Commercial Vehicle,Yes,580.0,3800,yfinance / Curated SME Data,Balance sheet data sourced from public disclosures; fetch live data using ticker in yfinance
366,Welspun Corp,WELCORP,NSE Emerge,NSE Emerge,Industrials,Steel Pipes,Oil & Gas Pipes,Yes,1850.0,9800,yfinance / Curated SME Data,Balance sheet data sourced from public disclosures; fetch live data using ticker in yfinance
367,Maharashtra Seamless,MAHSEAMLES,NSE Emerge,NSE Emerge,Industrials,Seamless Pipes,OCTG Pipes,Yes,120.0,3800,yfinance / Curated SME Data,Balance sheet data sourced from public disclosures; fetch live data using ticker in yfinance
368,Prakash Industries,PRAKASH,NSE Emerge,NSE Emerge,Industrials,Steel,Integrated Steel,Yes,580.0,2800,yfinance / Curated SME Data,Balance sheet data sourced from public disclosures; fetch live data using ticker in yfinance
369,APL Apollo Tubes,APLAPOLLO,NSE Emerge,NSE Emerge,Industrials,Structural Steel,ERW Tubes,Yes,1200.0,18500,yfinance / Curated SME Data,Balance sheet data sourced from public disclosures; fetch live data using ticker in yfinance
370,Jindal Saw,JINDALSTEL,NSE Emerge,NSE Emerge,Industrials,Pipes,Infrastructure Pipes,Yes,2800.0,8500,yfinance / Curated SME Data,Balance sheet data sourced from public disclosures; fetch live data using ticker in yfinance
371,V-Mart Retail,VMART,NSE Emerge,NSE Emerge,Consumer,Value Fashion,Tier 2-3 Retail,Yes,120.0,2800,yfinance / Curated SME Data,Balance sheet data sourced from public disclosures; fetch live data using ticker in yfinance
372,Landmark Group (Lifestyle),LANDMARK2,BSE SME,BSE SME,Consumer,Dept Store,Fashion Retail,Yes,380.0,1200,yfinance / Curated SME Data,Balance sheet data sourced from public disclosures; fetch live data using ticker in yfinance
373,Nykaa (FSN E-Commerce),NYKAA,NSE Emerge,NSE Emerge,Consumer,Beauty Retail,Beauty eComm,No,0.0,22000,yfinance / Curated SME Data,Balance sheet data sourced from public disclosures; fetch live data using ticker in yfinance
374,Mamaearth (Honasa),HONASA,NSE Emerge,NSE Emerge,Consumer,D2C Beauty,Digital Beauty,No,0.0,4500,yfinance / Curated SME Data,Balance sheet data sourced from public disclosures; fetch live data using ticker in yfinance
375,Gillette India,GILLETTE,NSE Emerge,NSE Emerge,Consumer,Grooming,P&G Products,No,0.0,9800,yfinance / Curated SME Data,Balance sheet data sourced from public disclosures; fetch live data using ticker in yfinance
376,Emami Limited,EMAMI,NSE Emerge,NSE Emerge,Consumer,Ayurvedic FMCG,Healthcare FMCG,Yes,285.0,8500,yfinance / Curated SME Data,Balance sheet data sourced from public disclosures; fetch live data using ticker in yfinance
377,Bajaj Consumer Care,BAJAJCON,NSE Emerge,NSE Emerge,Consumer,Hair Oils,FMCG Haircare,No,0.0,3800,yfinance / Curated SME Data,Balance sheet data sourced from public disclosures; fetch live data using ticker in yfinance
378,Jyothy Labs,JYOTHYLAB,NSE Emerge,NSE Emerge,Consumer,Fabric & Dish,Household FMCG,No,0.0,6500,yfinance / Curated SME Data,Balance sheet data sourced from public disclosures; fetch live data using ticker in yfinance
379,Ghari Industries,GHARI,BSE SME,BSE SME,Consumer,Detergent,Laundry FMCG,Yes,55.0,280,yfinance / Curated SME Data,Balance sheet data sourced from public disclosures; fetch live data using ticker in yfinance
380,Patanjali Wellness,PATANJWEL,BSE SME,BSE SME,Consumer,Ayurvedic FMCG,Natural Products,Yes,85.0,580,yfinance / Curated SME Data,Balance sheet data sourced from public disclosures; fetch live data using ticker in yfinance
381,Vanesa Care,VANESA,BSE SME,BSE SME,Consumer,Deodorants,Personal Care,Yes,28.5,185,yfinance / Curated SME Data,Balance sheet data sourced from public disclosures; fetch live data using ticker in yfinance
382,RSPL Group (Rohit Surfactants),RSPL,BSE SME,BSE SME,Consumer,Detergent & Chemicals,Home Care,Yes,95.0,380,yfinance / Curated SME Data,Balance sheet data sourced from public disclosures; fetch live data using ticker in yfinance
383,Veefin Solutions,VEEFIN,BSE SME,BSE SME,Technology,Supply Chain Finance,Trade Finance Tech,Yes,8.5,85,yfinance / Curated SME Data,Balance sheet data sourced from public disclosures; fetch live data using ticker in yfinance
384,Bewakoof Brands,BEWAKOOF,BSE SME,BSE SME,Consumer,D2C Fashion,Youth Fashion,Yes,12.0,95,yfinance / Curated SME Data,Balance sheet data sourced from public disclosures; fetch live data using ticker in yfinance
385,FabIndia,FABINDIA,BSE SME,BSE SME,Consumer,Lifestyle Retail,Handcraft Retail,Yes,45.0,380,yfinance / Curated SME Data,Balance sheet data sourced from public disclosures; fetch live data using ticker in yfinance
386,Prabhat Dairy,PRABHAT,NSE Emerge,NSE Emerge,Agriculture,Dairy,B2B Dairy,Yes,85.0,380,yfinance / Curated SME Data,Balance sheet data sourced from public disclosures; fetch live data using ticker in yfinance
387,Dodla Dairy,DODLA,NSE Emerge,NSE Emerge,Agriculture,Dairy,South India Dairy,Yes,145.0,1800,yfinance / Curated SME Data,Balance sheet data sourced from public disclosures; fetch live data using ticker in yfinance
388,Heritage Foods,HERITGFOOD,NSE Emerge,NSE Emerge,Agriculture,Dairy & Retail,Dairy & Value Added,Yes,185.0,2800,yfinance / Curated SME Data,Balance sheet data sourced from public disclosures; fetch live data using ticker in yfinance
389,Parag Milk Foods,PARAGMILK,NSE Emerge,NSE Emerge,Agriculture,Dairy,Cheese & Whey,Yes,380.0,1800,yfinance / Curated SME Data,Balance sheet data sourced from public disclosures; fetch live data using ticker in yfinance
390,Kwality Limited,KWALITY,NSE Emerge,NSE Emerge,Agriculture,Dairy,B2B Dairy Processing,Yes,1200.0,280,yfinance / Curated SME Data,Balance sheet data sourced from public disclosures; fetch live data using ticker in yfinance
391,Tasty Bite Eatables,TASTYBITE,NSE Emerge,NSE Emerge,Agriculture,Packaged Food,Ready Meals,No,0.0,2800,yfinance / Curated SME Data,Balance sheet data sourced from public disclosures; fetch live data using ticker in yfinance
392,Prataap Snacks,DIAMONDYD,NSE Emerge,NSE Emerge,Agriculture,Snacks,Value Snacks,Yes,45.0,1200,yfinance / Curated SME Data,Balance sheet data sourced from public disclosures; fetch live data using ticker in yfinance
393,ADF Foods,ADFFOODS,NSE Emerge,NSE Emerge,Agriculture,Packaged Food,Ethnic Indian Food,No,0.0,850,yfinance / Curated SME Data,Balance sheet data sourced from public disclosures; fetch live data using ticker in yfinance
394,Gits Food Products,GITSFOOD,BSE SME,BSE SME,Agriculture,Ready Meals,Indian Ready Meals,No,0.0,380,yfinance / Curated SME Data,Balance sheet data sourced from public disclosures; fetch live data using ticker in yfinance
395,Agro Tech Foods,AGRITECH,NSE Emerge,NSE Emerge,Agriculture,Branded Food,Cooking Oils & Snacks,No,0.0,1800,yfinance / Curated SME Data,Balance sheet data sourced from public disclosures; fetch live data using ticker in yfinance
396,ITC Agri,ITCAGRI,BSE SME,BSE SME,Agriculture,Agri Inputs,e-Choupal,Yes,22.0,280,yfinance / Curated SME Data,Balance sheet data sourced from public disclosures; fetch live data using ticker in yfinance
397,Advanta Seeds,ADVANTA,BSE SME,BSE SME,Agriculture,Hybrid Seeds,Corn & Sunflower Seeds,Yes,35.0,480,yfinance / Curated SME Data,Balance sheet data sourced from public disclosures; fetch live data using ticker in yfinance
398,Bayer CropScience India,BAYERCROP,NSE Emerge,NSE Emerge,Agriculture,Crop Science,Pesticide & Seeds,No,0.0,8500,yfinance / Curated SME Data,Balance sheet data sourced from public disclosures; fetch live data using ticker in yfinance
399,Dhanuka Agritech,DHANUKA,NSE Emerge,NSE Emerge,Agriculture,Pesticides,Agro Chemicals,No,0.0,3800,yfinance / Curated SME Data,Balance sheet data sourced from public disclosures; fetch live data using ticker in yfinance
400,Sumitomo Chemical India,SUMICHEM,NSE Emerge,NSE Emerge,Agriculture,Crop Protection,Agri Solutions,No,0.0,6500,yfinance / Curated SME Data,Balance sheet data sourced from public disclosures; fetch live data using ticker in yfinance
401,Nocil Limited,NOCIL,NSE Emerge,NSE Emerge,Materials,Rubber Chemicals,Tyre Chemicals,No,0.0,2800,yfinance / Curated SME Data,Balance sheet data sourced from public disclosures; fetch live data using ticker in yfinance
402,Camlin Fine Sciences,CAMLINFINE,NSE Emerge,NSE Emerge,Materials,Antioxidants,Food Additives,Yes,185.0,650,yfinance / Curated SME Data,Balance sheet data sourced from public disclosures; fetch live data using ticker in yfinance
403,Aarti Surfactants,AARTISUR,NSE Emerge,NSE Emerge,Materials,Surfactants,Home & Personal Care,Yes,45.0,580,yfinance / Curated SME Data,Balance sheet data sourced from public disclosures; fetch live data using ticker in yfinance
404,Meghmani Organics,MEGHMANORG,NSE Emerge,NSE Emerge,Materials,Pigments & Agro Chem,Specialty Chem,Yes,280.0,1800,yfinance / Curated SME Data,Balance sheet data sourced from public disclosures; fetch live data using ticker in yfinance
405,Aether Industries,AETHER,NSE Emerge,NSE Emerge,Materials,Specialty Chem,Performance Chem,Yes,180.0,3200,yfinance / Curated SME Data,Balance sheet data sourced from public disclosures; fetch live data using ticker in yfinance
406,Rossari Biotech,ROSSARI,NSE Emerge,NSE Emerge,Materials,Specialty Enzymes,Home & Agri Chem,Yes,95.0,1800,yfinance / Curated SME Data,Balance sheet data sourced from public disclosures; fetch live data using ticker in yfinance
407,Caplin Chemicals,CAPLINCHEM,BSE SME,BSE SME,Materials,Pharma Chemicals,Intermediates,Yes,18.5,145,yfinance / Curated SME Data,Balance sheet data sourced from public disclosures; fetch live data using ticker in yfinance
408,Epigral,EPIGRAL,NSE Emerge,NSE Emerge,Materials,Chlor-Alkali,Specialty PVC,Yes,580.0,2800,yfinance / Curated SME Data,Balance sheet data sourced from public disclosures; fetch live data using ticker in yfinance
409,Gujarat Alkalies,GUJALKALI,NSE Emerge,NSE Emerge,Materials,Chlor-Alkali,Industrial Chemicals,Yes,280.0,1800,yfinance / Curated SME Data,Balance sheet data sourced from public disclosures; fetch live data using ticker in yfinance
410,Manali Petrochemical,MANALIPETC,NSE Emerge,NSE Emerge,Materials,Propylene Oxide,Polyols,Yes,45.0,1200,yfinance / Curated SME Data,Balance sheet data sourced from public disclosures; fetch live data using ticker in yfinance
411,Laxmi Organic Industries,LXCHEM,NSE Emerge,NSE Emerge,Materials,Ethyl Acetate,Specialty Acetyl,Yes,120.0,2200,yfinance / Curated SME Data,Balance sheet data sourced from public disclosures; fetch live data using ticker in yfinance
412,Deccan Fine Chemicals,DECCANFINE,BSE SME,BSE SME,Materials,Specialty Chem,API Intermediates,Yes,12.0,85,yfinance / Curated SME Data,Balance sheet data sourced from public disclosures; fetch live data using ticker in yfinance
413,Kovai Medical Center,KOVAI,NSE Emerge,NSE Emerge,Healthcare,Super Specialty Hospital,Tertiary Care,Yes,145.0,1800,yfinance / Curated SME Data,Balance sheet data sourced from public disclosures; fetch live data using ticker in yfinance
414,Rainbow Children's,RAINBOW,NSE Emerge,NSE Emerge,Healthcare,Pediatric Hospital,Child Healthcare,Yes,85.0,3800,yfinance / Curated SME Data,Balance sheet data sourced from public disclosures; fetch live data using ticker in yfinance
415,Jupiter Wagons,JUBLPHARMA,NSE Emerge,NSE Emerge,Industrials,Railway Wagons,Rail Transport,Yes,280.0,3200,yfinance / Curated SME Data,Balance sheet data sourced from public disclosures; fetch live data using ticker in yfinance
416,Safari Industries,SAFARI,NSE Emerge,NSE Emerge,Consumer,Luggage,Travel Accessories,Yes,55.0,3800,yfinance / Curated SME Data,Balance sheet data sourced from public disclosures; fetch live data using ticker in yfinance
417,VIP Industries,VIPIND,NSE Emerge,NSE Emerge,Consumer,Luggage,Hard & Soft Luggage,Yes,45.0,4500,yfinance / Curated SME Data,Balance sheet data sourced from public disclosures; fetch live data using ticker in yfinance
418,Raymond Limited,RAYMOND,NSE Emerge,NSE Emerge,Textiles,Suiting & Real Estate,Diversified,Yes,1200.0,9800,yfinance / Curated SME Data,Balance sheet data sourced from public disclosures; fetch live data using ticker in yfinance
419,Grasim Industries (Textiles),GRASIM,NSE Emerge,NSE Emerge,Textiles,VSF & Chemicals,Viscose Staple Fibre,Yes,8500.0,95000,yfinance / Curated SME Data,Balance sheet data sourced from public disclosures; fetch live data using ticker in yfinance
420,Indo Count Industries,ICIL,NSE Emerge,NSE Emerge,Textiles,Bed Linen,Home Textiles Export,Yes,180.0,2200,yfinance / Curated SME Data,Balance sheet data sourced from public disclosures; fetch live data using ticker in yfinance
421,Trident Limited,TRIDENT,NSE Emerge,NSE Emerge,Textiles,Terry Towels & Paper,Integrated Textile,Yes,1200.0,6500,yfinance / Curated SME Data,Balance sheet data sourced from public disclosures; fetch live data using ticker in yfinance
422,Bombay Dyeing,BOMBAYDYEING,NSE Emerge,NSE Emerge,Textiles,Fabric & RE,Textile & Property,Yes,1200.0,2800,yfinance / Curated SME Data,Balance sheet data sourced from public disclosures; fetch live data using ticker in yfinance
423,Siyaram Silk,SIYARAM,NSE Emerge,NSE Emerge,Textiles,Suiting Fabric,B2B Fabric,Yes,85.0,1800,yfinance / Curated SME Data,Balance sheet data sourced from public disclosures; fetch live data using ticker in yfinance
424,RSWM Limited,RSWM,NSE Emerge,NSE Emerge,Textiles,Synthetic Yarn,Man-made Textiles,Yes,580.0,850,yfinance / Curated SME Data,Balance sheet data sourced from public disclosures; fetch live data using ticker in yfinance
425,Century Textiles,CENTURYTEX,NSE Emerge,NSE Emerge,Textiles,Fabric & RE,Textiles & Real Estate,Yes,1200.0,6500,yfinance / Curated SME Data,Balance sheet data sourced from public disclosures; fetch live data using ticker in yfinance
426,Ambika Cotton Mills,AMBIKACO,NSE Emerge,NSE Emerge,Textiles,Combed Yarn,Cotton Spinning,Yes,85.0,850,yfinance / Curated SME Data,Balance sheet data sourced from public disclosures; fetch live data using ticker in yfinance
427,Patspin India,PATSPIN,BSE SME,BSE SME,Textiles,Compact Yarn,Spinning,Yes,45.0,180,yfinance / Curated SME Data,Balance sheet data sourced from public disclosures; fetch live data using ticker in yfinance
428,S P Apparels,SPAL,NSE Emerge,NSE Emerge,Textiles,Knit Garments,Kidswear Export,Yes,120.0,1200,yfinance / Curated SME Data,Balance sheet data sourced from public disclosures; fetch live data using ticker in yfinance
429,Pearl Global Industries,PGIL,NSE Emerge,NSE Emerge,Textiles,Apparel Export,Woven Garments,Yes,180.0,1200,yfinance / Curated SME Data,Balance sheet data sourced from public disclosures; fetch live data using ticker in yfinance
430,Numero Uno Clothing,NUMERUNO,BSE SME,BSE SME,Textiles,Denim Brand,Fashion Brand,Yes,28.5,95,yfinance / Curated SME Data,Balance sheet data sourced from public disclosures; fetch live data using ticker in yfinance
431,Patel Extrusions,PATELEXT,BSE SME,BSE SME,Packaging,Pipes & Fittings,Plumbing,Yes,22.0,85,yfinance / Curated SME Data,Balance sheet data sourced from public disclosures; fetch live data using ticker in yfinance
432,Roto Pumps,ROTOPUMPS,NSE Emerge,NSE Emerge,Industrials,Progressive Cavity Pumps,Specialty Pumps,Yes,22.0,480,yfinance / Curated SME Data,Balance sheet data sourced from public disclosures; fetch live data using ticker in yfinance
433,EPL Limited (Essel Propack),EPL,NSE Emerge,NSE Emerge,Packaging,Laminated Tubes,Personal Care Tubes,Yes,850.0,4800,yfinance / Curated SME Data,Balance sheet data sourced from public disclosures; fetch live data using ticker in yfinance
434,Sintex Industries,SINTEX,NSE Emerge,NSE Emerge,Packaging,Plastic Tanks & Products,Water Storage,Yes,1850.0,380,yfinance / Curated SME Data,Balance sheet data sourced from public disclosures; fetch live data using ticker in yfinance
435,TCPL Packaging,TCPLPACK,NSE Emerge,NSE Emerge,Packaging,Cartons & Boxes,FMCG Packaging,Yes,145.0,850,yfinance / Curated SME Data,Balance sheet data sourced from public disclosures; fetch live data using ticker in yfinance
436,Uflex Packaging,UFLEX2,BSE SME,BSE SME,Packaging,Flexible Films,Packaging Films,Yes,55.0,280,yfinance / Curated SME Data,Balance sheet data sourced from public disclosures; fetch live data using ticker in yfinance
437,Jumbo Bag,JUMBOBAG,BSE SME,BSE SME,Packaging,FIBC,Bulk Bag,Yes,18.5,95,yfinance / Curated SME Data,Balance sheet data sourced from public disclosures; fetch live data using ticker in yfinance
438,Jay Ushin,JAYUSHIN,NSE Emerge,NSE Emerge,Automobile,Auto Components,Mirrors & Locks,Yes,55.0,580,yfinance / Curated SME Data,Balance sheet data sourced from public disclosures; fetch live data using ticker in yfinance
439,CEAT Limited,CEAT,NSE Emerge,NSE Emerge,Automobile,Tyres,Auto Tyres,Yes,1850.0,9800,yfinance / Curated SME Data,Balance sheet data sourced from public disclosures; fetch live data using ticker in yfinance
440,Apollo Tyres,APOLLOTYRE,NSE Emerge,NSE Emerge,Automobile,Tyres,Commercial Tyres,Yes,3200.0,28000,yfinance / Curated SME Data,Balance sheet data sourced from public disclosures; fetch live data using ticker in yfinance
441,Davalee Fashion,DAVALEE,BSE SME,BSE SME,Consumer,Ethnic Wear,Online Fashion,Yes,3.5,38,yfinance / Curated SME Data,Balance sheet data sourced from public disclosures; fetch live data using ticker in yfinance
442,ANG Industries,ANGIND,BSE SME,BSE SME,Industrials,Auto Components,Castings,Yes,15.5,65,yfinance / Curated SME Data,Balance sheet data sourced from public disclosures; fetch live data using ticker in yfinance
443,Incredible Industries,INCREDIB,BSE SME,BSE SME,Industrials,Steel Fabrication,Infra Fabrication,Yes,22.0,75,yfinance / Curated SME Data,Balance sheet data sourced from public disclosures; fetch live data using ticker in yfinance
444,Shardul Securities,SHARDULS,BSE SME,BSE SME,Financials,Broking,Equity Broking,No,0.0,42,yfinance / Curated SME Data,Balance sheet data sourced from public disclosures; fetch live data using ticker in yfinance
445,Genpro Engineering,GENPRO,BSE SME,BSE SME,Industrials,Heat Exchangers,Chemical Equipment,Yes,12.5,58,yfinance / Curated SME Data,Balance sheet data sourced from public disclosures; fetch live data using ticker in yfinance
446,Akshar Spintex,AKSHAR,BSE SME,BSE SME,Textiles,Cotton Yarn,Compact Yarn,Yes,18.5,72,yfinance / Curated SME Data,Balance sheet data sourced from public disclosures; fetch live data using ticker in yfinance
447,Sai India,SAIINDIA,BSE SME,BSE SME,Healthcare,Hospital,Multi-Specialty Hospital,Yes,35.0,85,yfinance / Curated SME Data,Balance sheet data sourced from public disclosures; fetch live data using ticker in yfinance
448,Monarch Networth Capital,MONARCH,BSE SME,BSE SME,Financials,Wealth Mgmt,HNI Advisory,No,0.0,65,yfinance / Curated SME Data,Balance sheet data sourced from public disclosures; fetch live data using ticker in yfinance
449,Jay Jalaram Enterprises,JAYJALARAM,BSE SME,BSE SME,Consumer,Grocery Retail,Organized Retail,Yes,8.5,45,yfinance / Curated SME Data,Balance sheet data sourced from public disclosures; fetch live data using ticker in yfinance
450,Veerhealth Care,VEERHEALTH,BSE SME,BSE SME,Healthcare,OTC Pharma,Ayurvedic OTC,Yes,4.5,38,yfinance / Curated SME Data,Balance sheet data sourced from public disclosures; fetch live data using ticker in yfinance
451,Vikas EcoTech,VIKASECO,BSE SME,BSE SME,Materials,Specialty Compound,PVC Compounds,Yes,28.5,95,yfinance / Curated SME Data,Balance sheet data sourced from public disclosures; fetch live data using ticker in yfinance
452,Master Trust,MASTERTRU,BSE SME,BSE SME,Financials,Broking & NBFC,Financial Services,Yes,45.0,85,yfinance / Curated SME Data,Balance sheet data sourced from public disclosures; fetch live data using ticker in yfinance
453,Goldiam International,GOLDIAM,BSE SME,BSE SME,Consumer,Jewelry,Diamond Jewelry Export,No,0.0,280,yfinance / Curated SME Data,Balance sheet data sourced from public disclosures; fetch live data using ticker in yfinance
454,Goenka Diamond & Jewels,GOENKA,BSE SME,BSE SME,Consumer,Jewelry,Lab Grown Diamond,Yes,8.5,65,yfinance / Curated SME Data,Balance sheet data sourced from public disclosures; fetch live data using ticker in yfinance
455,GG Engineering,GGENG,BSE SME,BSE SME,Industrials,Railroad Infra,Rail Components,Yes,22.0,95,yfinance / Curated SME Data,Balance sheet data sourced from public disclosures; fetch live data using ticker in yfinance
456,Swastika Investmart,SWASTIKA,BSE SME,BSE SME,Financials,Broking,Retail Broking,Yes,12.0,55,yfinance / Curated SME Data,Balance sheet data sourced from public disclosures; fetch live data using ticker in yfinance
457,Rishabh Instruments,RISHABH,BSE SME,BSE SME,Industrials,Electrical Instruments,Panel Meters,Yes,18.5,380,yfinance / Curated SME Data,Balance sheet data sourced from public disclosures; fetch live data using ticker in yfinance
458,Focus Business Solutions,FOCUS,BSE SME,BSE SME,Technology,ERP Software,Jewellery ERP,No,0.0,38,yfinance / Curated SME Data,Balance sheet data sourced from public disclosures; fetch live data using ticker in yfinance
459,Cian Healthcare,CIAN,BSE SME,BSE SME,Healthcare,Derma Pharma,Dermatology,Yes,5.5,45,yfinance / Curated SME Data,Balance sheet data sourced from public disclosures; fetch live data using ticker in yfinance
460,Aakash Educational Services,AAKASH,BSE SME,BSE SME,Education,Test Prep,Medical Entrance,Yes,45.0,180,yfinance / Curated SME Data,Balance sheet data sourced from public disclosures; fetch live data using ticker in yfinance
461,Satia Industries,SATIA,BSE SME,BSE SME,Industrials,Paper,Writing & Printing Paper,Yes,85.0,280,yfinance / Curated SME Data,Balance sheet data sourced from public disclosures; fetch live data using ticker in yfinance
462,Mahindra EPC Irrigation,MAHINDRAPC,BSE SME,BSE SME,Agriculture,Drip Irrigation,Micro Irrigation,Yes,28.5,180,yfinance / Curated SME Data,Balance sheet data sourced from public disclosures; fetch live data using ticker in yfinance
463,Sarthak Metals,SARTHAKMTL,BSE SME,BSE SME,Materials,Ferro Alloys,Steel Alloys,Yes,18.5,65,yfinance / Curated SME Data,Balance sheet data sourced from public disclosures; fetch live data using ticker in yfinance
464,Kotyark Industries,KOTYARK,BSE SME,BSE SME,Energy,Biodiesel,Biofuel,Yes,5.5,42,yfinance / Curated SME Data,Balance sheet data sourced from public disclosures; fetch live data using ticker in yfinance
465,Sagar Cements,SAGCEM,NSE Emerge,NSE Emerge,Materials,Cement,South India Cement,Yes,580.0,2800,yfinance / Curated SME Data,Balance sheet data sourced from public disclosures; fetch live data using ticker in yfinance
466,Orient Cement,ORIENTCEM,NSE Emerge,NSE Emerge,Materials,Cement,Central India Cement,Yes,680.0,2200,yfinance / Curated SME Data,Balance sheet data sourced from public disclosures; fetch live data using ticker in yfinance
467,Udaipur Cement Works,UDAICEMEN,NSE Emerge,NSE Emerge,Materials,Cement,Rajasthan Cement,Yes,280.0,850,yfinance / Curated SME Data,Balance sheet data sourced from public disclosures; fetch live data using ticker in yfinance
468,Penna Cement,PENNACEM,BSE SME,BSE SME,Materials,Cement,South India Cement,Yes,1200.0,1800,yfinance / Curated SME Data,Balance sheet data sourced from public disclosures; fetch live data using ticker in yfinance
469,Anjani Portland Cement,ANJANIPOR,BSE SME,BSE SME,Materials,Cement,Regional Cement,Yes,145.0,480,yfinance / Curated SME Data,Balance sheet data sourced from public disclosures; fetch live data using ticker in yfinance
470,NG Industries,NGIND,BSE SME,BSE SME,Industrials,Rubber Products,Auto Rubber Parts,Yes,12.5,55,yfinance / Curated SME Data,Balance sheet data sourced from public disclosures; fetch live data using ticker in yfinance
471,Super Tannery,SUPERTANN,BSE SME,BSE SME,Consumer,Leather,Finished Leather,Yes,22.0,65,yfinance / Curated SME Data,Balance sheet data sourced from public disclosures; fetch live data using ticker in yfinance
472,Bombay Super Hybrid Seeds,BSHYBRID,BSE SME,BSE SME,Agriculture,Seeds,Hybrid Vegetable Seeds,Yes,8.5,48,yfinance / Curated SME Data,Balance sheet data sourced from public disclosures; fetch live data using ticker in yfinance
473,Nav India Finserv,NAVINDIAFS,BSE SME,BSE SME,Financials,MSME Loans,Rural NBFC,Yes,85.0,65,yfinance / Curated SME Data,Balance sheet data sourced from public disclosures; fetch live data using ticker in yfinance
474,Saakshi Medtech,SAAKSHIMD,BSE SME,BSE SME,Healthcare,Vet Equipment,Animal Diagnostics,Yes,5.5,38,yfinance / Curated SME Data,Balance sheet data sourced from public disclosures; fetch live data using ticker in yfinance
475,Visco Trading,VISCOTRAD,BSE SME,BSE SME,Consumer,Chemicals Distribution,B2B Distribution,Yes,18.5,45,yfinance / Curated SME Data,Balance sheet data sourced from public disclosures; fetch live data using ticker in yfinance
476,Hi-Tech Pipes,HITECHPIPE,NSE Emerge,NSE Emerge,Industrials,Steel Pipes,ERW Steel Tubes,Yes,180.0,850,yfinance / Curated SME Data,Balance sheet data sourced from public disclosures; fetch live data using ticker in yfinance
477,Sarda Energy & Minerals,SARDAEN,NSE Emerge,NSE Emerge,Materials,Sponge Iron,Integrated Steel,Yes,380.0,2800,yfinance / Curated SME Data,Balance sheet data sourced from public disclosures; fetch live data using ticker in yfinance
478,Sunflag Iron & Steel,SUNFLAG,NSE Emerge,NSE Emerge,Materials,Special Steel,Alloy Steel,Yes,280.0,1200,yfinance / Curated SME Data,Balance sheet data sourced from public disclosures; fetch live data using ticker in yfinance
479,Usha Martin,USHAMART,NSE Emerge,NSE Emerge,Materials,Wire Ropes,Steel Wire,Yes,650.0,4500,yfinance / Curated SME Data,Balance sheet data sourced from public disclosures; fetch live data using ticker in yfinance
480,Sumedha Fiscal Services,SUMEDHA,BSE SME,BSE SME,Financials,Financial Advisory,IBC Advisory,No,0.0,35,yfinance / Curated SME Data,Balance sheet data sourced from public disclosures; fetch live data using ticker in yfinance
481,Kesar India,KESARINDIA,BSE SME,BSE SME,Agriculture,Saffron & Spices,Specialty Agri,No,0.0,55,yfinance / Curated SME Data,Balance sheet data sourced from public disclosures; fetch live data using ticker in yfinance
482,Ravi Kumar Distilleries,RAVIKUMAR,BSE SME,BSE SME,Consumer,Indian Spirits,IMFL,Yes,45.0,95,yfinance / Curated SME Data,Balance sheet data sourced from public disclosures; fetch live data using ticker in yfinance
483,Khyati Global Ventures,KHYATI,BSE SME,BSE SME,Consumer,Food Products,Processed Food,Yes,5.5,38,yfinance / Curated SME Data,Balance sheet data sourced from public disclosures; fetch live data using ticker in yfinance
484,Tirupati Starch & Chemicals,TIRUSTARCH,BSE SME,BSE SME,Materials,Starch,Native Starch,Yes,18.5,55,yfinance / Curated SME Data,Balance sheet data sourced from public disclosures; fetch live data using ticker in yfinance
485,Dharni Sugars,DHARNISUG,BSE SME,BSE SME,Agriculture,Sugar,Sugar & Molasses,Yes,45.0,65,yfinance / Curated SME Data,Balance sheet data sourced from public disclosures; fetch live data using ticker in yfinance
486,Garg Furnace,GARGFUR,BSE SME,BSE SME,Industrials,Steel Melting,Secondary Steel,Yes,22.0,58,yfinance / Curated SME Data,Balance sheet data sourced from public disclosures; fetch live data using ticker in yfinance
487,Pal Mohan Castings,PALMOHAN,BSE SME,BSE SME,Industrials,Grey Iron Castings,Foundry Products,Yes,15.5,52,yfinance / Curated SME Data,Balance sheet data sourced from public disclosures; fetch live data using ticker in yfinance
488,Commercial Engineers,COMMERCEN,NSE Emerge,NSE Emerge,Industrials,Railway Equipment,Rail Infrastructure,Yes,95.0,580,yfinance / Curated SME Data,Balance sheet data sourced from public disclosures; fetch live data using ticker in yfinance
489,Sarveshwar Foods,SARVESHWAR,NSE Emerge,NSE Emerge,Agriculture,Basmati Rice,Rice Export,Yes,85.0,280,yfinance / Curated SME Data,Balance sheet data sourced from public disclosures; fetch live data using ticker in yfinance
490,LT Foods,LTFOODS,NSE Emerge,NSE Emerge,Agriculture,Basmati Rice,Branded Rice,Yes,480.0,3200,yfinance / Curated SME Data,Balance sheet data sourced from public disclosures; fetch live data using ticker in yfinance
491,KRBL Limited,KRBL,NSE Emerge,NSE Emerge,Agriculture,Basmati Rice,India Gate Rice,No,0.0,3800,yfinance / Curated SME Data,Balance sheet data sourced from public disclosures; fetch live data using ticker in yfinance
492,Chambal Fertilizers,CHAMBLFERT,NSE Emerge,NSE Emerge,Agriculture,Urea Fertilizers,Agri Inputs,Yes,1850.0,9500,yfinance / Curated SME Data,Balance sheet data sourced from public disclosures; fetch live data using ticker in yfinance
493,Deepak Fertilizers,DEEPAKFERT,NSE Emerge,NSE Emerge,Agriculture,Ammonia & Fertilizers,Specialty Fertilizers,Yes,1500.0,4800,yfinance / Curated SME Data,Balance sheet data sourced from public disclosures; fetch live data using ticker in yfinance
494,Coromandel International,COROMANDEL,NSE Emerge,NSE Emerge,Agriculture,Phosphatic Fertilizers,Agri Solutions,Yes,650.0,18500,yfinance / Curated SME Data,Balance sheet data sourced from public disclosures; fetch live data using ticker in yfinance
495,Tata Chemicals,TATACHEM,NSE Emerge,NSE Emerge,Materials,Soda Ash,Specialty Products,Yes,3800.0,22000,yfinance / Curated SME Data,Balance sheet data sourced from public disclosures; fetch live data using ticker in yfinance
496,GHCL Limited,GHCL,NSE Emerge,NSE Emerge,Materials,Soda Ash & Textiles,Inorganic Chemicals,Yes,580.0,4200,yfinance / Curated SME Data,Balance sheet data sourced from public disclosures; fetch live data using ticker in yfinance
497,Nirma Limited,NIRMA,BSE SME,BSE SME,Consumer,Detergents & Cement,FMCG & Building,Yes,1200.0,5500,yfinance / Curated SME Data,Balance sheet data sourced from public disclosures; fetch live data using ticker in yfinance
498,Kama Kaze D2c Brand,KAMAKAZE,BSE SME,BSE SME,Consumer,Hair Colour,DIY Beauty,Yes,8.5,65,yfinance / Curated SME Data,Balance sheet data sourced from public disclosures; fetch live data using ticker in yfinance
499,Orange Retail Finance,ORANGERETL,BSE SME,BSE SME,Financials,Consumer Loans,NBFC Consumer,Yes,280.0,145,yfinance / Curated SME Data,Balance sheet data sourced from public disclosures; fetch live data using ticker in yfinance
500,Tata Advanced Materials,TATAADV,BSE SME,BSE SME,Materials,Composites,Aerospace Composites,Yes,45.0,280,yfinance / Curated SME Data,Balance sheet data sourced from public disclosures; fetch live data using ticker in yfinance
501,Unison Hotels,UNISONHOTL,BSE SME,BSE SME,Consumer,Hotels,Business Hotels,Yes,55.0,145,yfinance / Curated SME Data,Balance sheet data sourced from public disclosures; fetch live data using ticker in yfinance
502,Samarth Rocks,SAMARTH,BSE SME,BSE SME,Materials,Granite & Marble,Natural Stone,Yes,5.5,35,yfinance / Curated SME Data,Balance sheet data sourced from public disclosures; fetch live data using ticker in yfinance
503,Kapilansh Dhatu Udyog,KAPILANSH,BSE SME,BSE SME,Materials,Copper Alloys,Specialty Metal,Yes,12.5,55,yfinance / Curated SME Data,Balance sheet data sourced from public disclosures; fetch live data using ticker in yfinance
504,Polson Limited,POLSON,BSE SME,BSE SME,Agriculture,Dairy Products,Butter & Cheese,Yes,15.0,45,yfinance / Curated SME Data,Balance sheet data sourced from public disclosures; fetch live data using ticker in yfinance
505,Surbhi Chemicals,SURBHICEM,BSE SME,BSE SME,Materials,Industrial Chemicals,Basic Chemicals,Yes,8.5,42,yfinance / Curated SME Data,Balance sheet data sourced from public disclosures; fetch live data using ticker in yfinance
506,Arfin India,ARFIN,BSE SME,BSE SME,Materials,Aluminium Products,Aluminium Castings,Yes,22.0,95,yfinance / Curated SME Data,Balance sheet data sourced from public disclosures; fetch live data using ticker in yfinance
507,Venus Pipes & Tubes,VENUSPIPES,NSE Emerge,NSE Emerge,Industrials,Stainless Pipes,SS Tubes,Yes,95.0,850,yfinance / Curated SME Data,Balance sheet data sourced from public disclosures; fetch live data using ticker in yfinance
508,Goodluck India,GOODLUCK,NSE Emerge,NSE Emerge,Industrials,Steel Tubes,ERW & DOM Tubes,Yes,280.0,1200,yfinance / Curated SME Data,Balance sheet data sourced from public disclosures; fetch live data using ticker in yfinance
509,Mukand Limited,MUKAND,NSE Emerge,NSE Emerge,Materials,Stainless Steel,Alloy Steel,Yes,380.0,1200,yfinance / Curated SME Data,Balance sheet data sourced from public disclosures; fetch live data using ticker in yfinance
510,Kalyani Steel,KALYANISL2,BSE SME,BSE SME,Materials,Alloy Steel,Automotive Steel,Yes,120.0,480,yfinance / Curated SME Data,Balance sheet data sourced from public disclosures; fetch live data using ticker in yfinance
511,Sandur Manganese,SANDUMA,NSE Emerge,NSE Emerge,Materials,Manganese Ore,Mining,No,0.0,3800,yfinance / Curated SME Data,Balance sheet data sourced from public disclosures; fetch live data using ticker in yfinance
512,Trimurty Ores,TRIMURTI,BSE SME,BSE SME,Materials,Iron Ore,Mining,Yes,18.5,65,yfinance / Curated SME Data,Balance sheet data sourced from public disclosures; fetch live data using ticker in yfinance
513,Arvind Smartspaces,ARVINDSL,NSE Emerge,NSE Emerge,Real Estate,Smart Housing,Affordable Housing Gujarat,Yes,145.0,1200,yfinance / Curated SME Data,Balance sheet data sourced from public disclosures; fetch live data using ticker in yfinance
514,Mahindra Lifespaces,MAHLIFE2,BSE SME,BSE SME,Real Estate,Integrated Cities,SEZ & Housing,Yes,580.0,2200,yfinance / Curated SME Data,Balance sheet data sourced from public disclosures; fetch live data using ticker in yfinance
515,Sattva Group,SATTVA,BSE SME,BSE SME,Real Estate,Commercial & Resi,Bengaluru RE,Yes,850.0,2800,yfinance / Curated SME Data,Balance sheet data sourced from public disclosures; fetch live data using ticker in yfinance
516,Vedant Fashions (Manyavar),MANYAVAR,NSE Emerge,NSE Emerge,Consumer,Ethnic Apparel,Celebration Wear,No,0.0,12500,yfinance / Curated SME Data,Balance sheet data sourced from public disclosures; fetch live data using ticker in yfinance
517,W (Global Desi),ABFRL,NSE Emerge,NSE Emerge,Consumer,Women Fashion,Branded Apparel,Yes,1200.0,9800,yfinance / Curated SME Data,Balance sheet data sourced from public disclosures; fetch live data using ticker in yfinance
518,Go Fashion (Go Colors),GOCOLORS,NSE Emerge,NSE Emerge,Consumer,Bottom Wear,Women Ethnics,No,0.0,3800,yfinance / Curated SME Data,Balance sheet data sourced from public disclosures; fetch live data using ticker in yfinance
519,Shoppers Stop,SHOPERSTOP,NSE Emerge,NSE Emerge,Consumer,Dept Store,Premium Retail,Yes,380.0,3200,yfinance / Curated SME Data,Balance sheet data sourced from public disclosures; fetch live data using ticker in yfinance
520,Westlife Foodworld (McDonald's),WESTLIFE,NSE Emerge,NSE Emerge,Consumer,QSR,Fast Food,Yes,380.0,5500,yfinance / Curated SME Data,Balance sheet data sourced from public disclosures; fetch live data using ticker in yfinance
521,Jubilant Foodworks (Domino's),JUBLFOOD,NSE Emerge,NSE Emerge,Consumer,QSR,Pizza Chain,Yes,280.0,12500,yfinance / Curated SME Data,Balance sheet data sourced from public disclosures; fetch live data using ticker in yfinance
522,Barbeque Nation,BARBEQUE,NSE Emerge,NSE Emerge,Consumer,Casual Dining,Restaurant Chain,Yes,145.0,1200,yfinance / Curated SME Data,Balance sheet data sourced from public disclosures; fetch live data using ticker in yfinance
523,Restaurant Brands Asia,RBAAP,NSE Emerge,NSE Emerge,Consumer,QSR,Burger King India,Yes,580.0,1800,yfinance / Curated SME Data,Balance sheet data sourced from public disclosures; fetch live data using ticker in yfinance
524,Cinemax India,CINEMAX,BSE SME,BSE SME,Media,Multiplex,Cinema Chain,Yes,55.0,180,yfinance / Curated SME Data,Balance sheet data sourced from public disclosures; fetch live data using ticker in yfinance
525,SPI Cinemas,SPICINEM,BSE SME,BSE SME,Media,Multiplex,South India Cinema,Yes,45.0,145,yfinance / Curated SME Data,Balance sheet data sourced from public disclosures; fetch live data using ticker in yfinance
526,Sri Adhikari Brothers,SRIABHIKA,BSE SME,BSE SME,Media,TV Content,TV Production,Yes,22.0,65,yfinance / Curated SME Data,Balance sheet data sourced from public disclosures; fetch live data using ticker in yfinance
527,Manappuram Finance,MANAPPURAM,NSE Emerge,NSE Emerge,Financials,Gold Loan,Gold Finance,Yes,18500.0,9800,yfinance / Curated SME Data,Balance sheet data sourced from public disclosures; fetch live data using ticker in yfinance
528,IIFL Gold Loan,IIFLGOLD,BSE SME,BSE SME,Financials,Gold NBFC,Gold Loan,Yes,4500.0,1800,yfinance / Curated SME Data,Balance sheet data sourced from public disclosures; fetch live data using ticker in yfinance
529,Muthoot Finance,MUTHOOTFIN,NSE Emerge,NSE Emerge,Financials,Gold Loan,Gold Finance,Yes,55000.0,55000,yfinance / Curated SME Data,Balance sheet data sourced from public disclosures; fetch live data using ticker in yfinance
530,Poonawalla Fincorp,POONAWALLA,NSE Emerge,NSE Emerge,Financials,Consumer & MSME,Diversified NBFC,Yes,8500.0,9800,yfinance / Curated SME Data,Balance sheet data sourced from public disclosures; fetch live data using ticker in yfinance
531,Electrotherm India,ELECTROTHM,NSE Emerge,NSE Emerge,Industrials,Steel Melting Fce,Induction Furnace,Yes,120.0,580,yfinance / Curated SME Data,Balance sheet data sourced from public disclosures; fetch live data using ticker in yfinance
532,Electrosteel Castings,ELECTCAST,NSE Emerge,NSE Emerge,Industrials,DI Pipes,Water Infra Pipes,Yes,380.0,2800,yfinance / Curated SME Data,Balance sheet data sourced from public disclosures; fetch live data using ticker in yfinance
533,Nuvoco Vistas,NUVOCO,NSE Emerge,NSE Emerge,Materials,Cement & RMC,Building Materials,Yes,2800.0,4800,yfinance / Curated SME Data,Balance sheet data sourced from public disclosures; fetch live data using ticker in yfinance
534,Star Cement,STARCEMENT,NSE Emerge,NSE Emerge,Materials,Cement,Northeast Cement,Yes,180.0,3800,yfinance / Curated SME Data,Balance sheet data sourced from public disclosures; fetch live data using ticker in yfinance
535,Mangalam Cement,MANGLMCEM,NSE Emerge,NSE Emerge,Materials,Cement,Rajasthan Cement,Yes,280.0,850,yfinance / Curated SME Data,Balance sheet data sourced from public disclosures; fetch live data using ticker in yfinance
536,Burnpur Cement,BURNPUR,BSE SME,BSE SME,Materials,Cement,Bengal Cement,Yes,55.0,95,yfinance / Curated SME Data,Balance sheet data sourced from public disclosures; fetch live data using ticker in yfinance
537,CMYK Printech,CMYK,BSE SME,BSE SME,Technology,Print Media,Magazine Publishing,Yes,8.5,42,yfinance / Curated SME Data,Balance sheet data sourced from public disclosures; fetch live data using ticker in yfinance
538,Dhruv Consultancy,DHRUVCNSL,BSE SME,BSE SME,Industrials,Highway Consultancy,Road Engineering,No,0.0,95,yfinance / Curated SME Data,Balance sheet data sourced from public disclosures; fetch live data using ticker in yfinance
539,Aadifidelis Solutions,AADIFIDEL,BSE SME,BSE SME,Technology,CRM Software,B2B SaaS,Yes,2.2,28,yfinance / Curated SME Data,Balance sheet data sourced from public disclosures; fetch live data using ticker in yfinance
540,Abha Power & Steel,ABHAPOWER,BSE SME,BSE SME,Industrials,Power & Steel,Captive Power,Yes,28.5,72,yfinance / Curated SME Data,Balance sheet data sourced from public disclosures; fetch live data using ticker in yfinance
541,Nath Industries,NATH,BSE SME,BSE SME,Agriculture,Cotton Seeds,Seed Production,Yes,22.0,75,yfinance / Curated SME Data,Balance sheet data sourced from public disclosures; fetch live data using ticker in yfinance
542,Dhani Services,DHANI,NSE Emerge,NSE Emerge,Financials,Healthtech NBFC,Health Finance,Yes,280.0,850,yfinance / Curated SME Data,Balance sheet data sourced from public disclosures; fetch live data using ticker in yfinance
543,Servotronics,SERVOTECH,BSE SME,BSE SME,Technology,EV Charging,EV Infrastructure,Yes,18.5,120,yfinance / Curated SME Data,Balance sheet data sourced from public disclosures; fetch live data using ticker in yfinance
544,Globus Spirits,GLOBUSSPR,NSE Emerge,NSE Emerge,Consumer,IMFL,Country Liquor,Yes,280.0,1800,yfinance / Curated SME Data,Balance sheet data sourced from public disclosures; fetch live data using ticker in yfinance
545,Tilaknagar Industries,TI,NSE Emerge,NSE Emerge,Consumer,Brandy & Spirits,South India Spirits,Yes,380.0,1200,yfinance / Curated SME Data,Balance sheet data sourced from public disclosures; fetch live data using ticker in yfinance
546,GM Breweries,GMBREW,NSE Emerge,NSE Emerge,Consumer,Country Liquor,Maharashtra Liquor,Yes,12.0,280,yfinance / Curated SME Data,Balance sheet data sourced from public disclosures; fetch live data using ticker in yfinance
547,Pee Cee Cosma Sope,PEECEECOSM,BSE SME,BSE SME,Consumer,Soap & Detergent,FMCG Home Care,Yes,8.5,35,yfinance / Curated SME Data,Balance sheet data sourced from public disclosures; fetch live data using ticker in yfinance
